"LOCATION","INDICATOR","SUBJECT","MEASURE","FREQUENCY","TIME","Value","Flag Codes"
"AUS","HUR","TOT","PC_LF","M","2012-08",5.143114,
"AUS","HUR","TOT","PC_LF","M","2012-09",5.488492,
"AUS","HUR","TOT","PC_LF","M","2012-10",5.415023,
"AUS","HUR","TOT","PC_LF","M","2012-11",5.254003,
"AUS","HUR","TOT","PC_LF","M","2012-12",5.433383,
"AUS","HUR","TOT","PC_LF","M","2013-01",5.385983,
"AUS","HUR","TOT","PC_LF","M","2013-02",5.427145,
"AUS","HUR","TOT","PC_LF","M","2013-03",5.634051,
"AUS","HUR","TOT","PC_LF","M","2013-04",5.583369,
"AUS","HUR","TOT","PC_LF","M","2013-05",5.612959,
"AUS","HUR","TOT","PC_LF","M","2013-06",5.695884,
"AUS","HUR","TOT","PC_LF","M","2013-07",5.627674,
"AUS","HUR","TOT","PC_LF","M","2013-08",5.820925,
"AUS","HUR","TOT","PC_LF","M","2013-09",5.705264,
"AUS","HUR","TOT","PC_LF","M","2013-10",5.830088,
"AUS","HUR","TOT","PC_LF","M","2013-11",5.794487,
"AUS","HUR","TOT","PC_LF","M","2013-12",5.901989,
"AUS","HUR","TOT","PC_LF","M","2014-01",5.934264,
"AUS","HUR","TOT","PC_LF","M","2014-02",5.894045,
"AUS","HUR","TOT","PC_LF","M","2014-03",5.86692,
"AUS","HUR","TOT","PC_LF","M","2014-04",5.798404,
"AUS","HUR","TOT","PC_LF","M","2014-05",5.932527,
"AUS","HUR","TOT","PC_LF","M","2014-06",6.047793,
"AUS","HUR","TOT","PC_LF","M","2014-07",6.172706,
"AUS","HUR","TOT","PC_LF","M","2014-08",6.08313,
"AUS","HUR","TOT","PC_LF","M","2014-09",6.226437,
"AUS","HUR","TOT","PC_LF","M","2014-10",6.368775,
"AUS","HUR","TOT","PC_LF","M","2014-11",6.295811,
"AUS","HUR","TOT","PC_LF","M","2014-12",6.107251,
"AUS","HUR","TOT","PC_LF","M","2015-01",6.336866,
"AUS","HUR","TOT","PC_LF","M","2015-02",6.121502,
"AUS","HUR","TOT","PC_LF","M","2015-03",6.091031,
"AUS","HUR","TOT","PC_LF","M","2015-04",6.105867,
"AUS","HUR","TOT","PC_LF","M","2015-05",5.935802,
"AUS","HUR","TOT","PC_LF","M","2015-06",6.007257,
"AUS","HUR","TOT","PC_LF","M","2015-07",6.271928,
"AUS","HUR","TOT","PC_LF","M","2015-08",6.080055,
"AUS","HUR","TOT","PC_LF","M","2015-09",6.163041,
"AUS","HUR","TOT","PC_LF","M","2015-10",5.923706,
"AUS","HUR","TOT","PC_LF","M","2015-11",5.850874,
"AUS","HUR","TOT","PC_LF","M","2015-12",5.745854,
"AUS","HUR","TOT","PC_LF","M","2016-01",6.020906,
"AUS","HUR","TOT","PC_LF","M","2016-02",5.674379,
"AUS","HUR","TOT","PC_LF","M","2016-03",5.642204,
"AUS","HUR","TOT","PC_LF","M","2016-04",5.638947,
"AUT","HUR","TOT","PC_LF","M","2012-08",5.2,
"AUT","HUR","TOT","PC_LF","M","2012-09",5.2,
"AUT","HUR","TOT","PC_LF","M","2012-10",5,
"AUT","HUR","TOT","PC_LF","M","2012-11",4.9,
"AUT","HUR","TOT","PC_LF","M","2012-12",5.1,
"AUT","HUR","TOT","PC_LF","M","2013-01",5.2,
"AUT","HUR","TOT","PC_LF","M","2013-02",5.3,
"AUT","HUR","TOT","PC_LF","M","2013-03",5.4,
"AUT","HUR","TOT","PC_LF","M","2013-04",5.3,
"AUT","HUR","TOT","PC_LF","M","2013-05",5,
"AUT","HUR","TOT","PC_LF","M","2013-06",5.2,
"AUT","HUR","TOT","PC_LF","M","2013-07",5.4,
"AUT","HUR","TOT","PC_LF","M","2013-08",5.4,
"AUT","HUR","TOT","PC_LF","M","2013-09",5.4,
"AUT","HUR","TOT","PC_LF","M","2013-10",5.5,
"AUT","HUR","TOT","PC_LF","M","2013-11",5.4,
"AUT","HUR","TOT","PC_LF","M","2013-12",5.5,
"AUT","HUR","TOT","PC_LF","M","2014-01",5.6,
"AUT","HUR","TOT","PC_LF","M","2014-02",5.6,
"AUT","HUR","TOT","PC_LF","M","2014-03",5.6,
"AUT","HUR","TOT","PC_LF","M","2014-04",5.5,
"AUT","HUR","TOT","PC_LF","M","2014-05",5.4,
"AUT","HUR","TOT","PC_LF","M","2014-06",5.6,
"AUT","HUR","TOT","PC_LF","M","2014-07",5.7,
"AUT","HUR","TOT","PC_LF","M","2014-08",5.6,
"AUT","HUR","TOT","PC_LF","M","2014-09",5.7,
"AUT","HUR","TOT","PC_LF","M","2014-10",5.7,
"AUT","HUR","TOT","PC_LF","M","2014-11",5.7,
"AUT","HUR","TOT","PC_LF","M","2014-12",5.6,
"AUT","HUR","TOT","PC_LF","M","2015-01",5.5,
"AUT","HUR","TOT","PC_LF","M","2015-02",5.5,
"AUT","HUR","TOT","PC_LF","M","2015-03",5.7,
"AUT","HUR","TOT","PC_LF","M","2015-04",5.9,
"AUT","HUR","TOT","PC_LF","M","2015-05",6,
"AUT","HUR","TOT","PC_LF","M","2015-06",5.8,
"AUT","HUR","TOT","PC_LF","M","2015-07",5.6,
"AUT","HUR","TOT","PC_LF","M","2015-08",5.6,
"AUT","HUR","TOT","PC_LF","M","2015-09",5.6,
"AUT","HUR","TOT","PC_LF","M","2015-10",5.8,
"AUT","HUR","TOT","PC_LF","M","2015-11",5.9,
"AUT","HUR","TOT","PC_LF","M","2015-12",6,
"AUT","HUR","TOT","PC_LF","M","2016-01",6.1,
"AUT","HUR","TOT","PC_LF","M","2016-02",6.1,
"AUT","HUR","TOT","PC_LF","M","2016-03",5.9,
"AUT","HUR","TOT","PC_LF","M","2016-04",6,
"BEL","HUR","TOT","PC_LF","M","2012-08",7.5,
"BEL","HUR","TOT","PC_LF","M","2012-09",7.7,
"BEL","HUR","TOT","PC_LF","M","2012-10",8.1,
"BEL","HUR","TOT","PC_LF","M","2012-11",8.3,
"BEL","HUR","TOT","PC_LF","M","2012-12",8.4,
"BEL","HUR","TOT","PC_LF","M","2013-01",8.4,
"BEL","HUR","TOT","PC_LF","M","2013-02",8.4,
"BEL","HUR","TOT","PC_LF","M","2013-03",8.4,
"BEL","HUR","TOT","PC_LF","M","2013-04",8.4,
"BEL","HUR","TOT","PC_LF","M","2013-05",8.4,
"BEL","HUR","TOT","PC_LF","M","2013-06",8.4,
"BEL","HUR","TOT","PC_LF","M","2013-07",8.4,
"BEL","HUR","TOT","PC_LF","M","2013-08",8.5,
"BEL","HUR","TOT","PC_LF","M","2013-09",8.5,
"BEL","HUR","TOT","PC_LF","M","2013-10",8.5,
"BEL","HUR","TOT","PC_LF","M","2013-11",8.5,
"BEL","HUR","TOT","PC_LF","M","2013-12",8.6,
"BEL","HUR","TOT","PC_LF","M","2014-01",8.7,
"BEL","HUR","TOT","PC_LF","M","2014-02",8.7,
"BEL","HUR","TOT","PC_LF","M","2014-03",8.6,
"BEL","HUR","TOT","PC_LF","M","2014-04",8.5,
"BEL","HUR","TOT","PC_LF","M","2014-05",8.5,
"BEL","HUR","TOT","PC_LF","M","2014-06",8.5,
"BEL","HUR","TOT","PC_LF","M","2014-07",8.5,
"BEL","HUR","TOT","PC_LF","M","2014-08",8.5,
"BEL","HUR","TOT","PC_LF","M","2014-09",8.6,
"BEL","HUR","TOT","PC_LF","M","2014-10",8.5,
"BEL","HUR","TOT","PC_LF","M","2014-11",8.5,
"BEL","HUR","TOT","PC_LF","M","2014-12",8.5,
"BEL","HUR","TOT","PC_LF","M","2015-01",8.6,
"BEL","HUR","TOT","PC_LF","M","2015-02",8.7,
"BEL","HUR","TOT","PC_LF","M","2015-03",8.8,
"BEL","HUR","TOT","PC_LF","M","2015-04",8.7,
"BEL","HUR","TOT","PC_LF","M","2015-05",8.6,
"BEL","HUR","TOT","PC_LF","M","2015-06",8.4,
"BEL","HUR","TOT","PC_LF","M","2015-07",8,
"BEL","HUR","TOT","PC_LF","M","2015-08",7.9,
"BEL","HUR","TOT","PC_LF","M","2015-09",8.1,
"BEL","HUR","TOT","PC_LF","M","2015-10",8.5,
"BEL","HUR","TOT","PC_LF","M","2015-11",8.8,
"BEL","HUR","TOT","PC_LF","M","2015-12",8.7,
"BEL","HUR","TOT","PC_LF","M","2016-01",8.4,
"BEL","HUR","TOT","PC_LF","M","2016-02",8.2,
"BEL","HUR","TOT","PC_LF","M","2016-03",8.2,
"BEL","HUR","TOT","PC_LF","M","2016-04",8.2,
"CAN","HUR","TOT","PC_LF","M","2012-08",7.2,
"CAN","HUR","TOT","PC_LF","M","2012-09",7.3,
"CAN","HUR","TOT","PC_LF","M","2012-10",7.4,
"CAN","HUR","TOT","PC_LF","M","2012-11",7.2,
"CAN","HUR","TOT","PC_LF","M","2012-12",7.2,
"CAN","HUR","TOT","PC_LF","M","2013-01",7.1,
"CAN","HUR","TOT","PC_LF","M","2013-02",7.1,
"CAN","HUR","TOT","PC_LF","M","2013-03",7.3,
"CAN","HUR","TOT","PC_LF","M","2013-04",7.1,
"CAN","HUR","TOT","PC_LF","M","2013-05",7,
"CAN","HUR","TOT","PC_LF","M","2013-06",7.1,
"CAN","HUR","TOT","PC_LF","M","2013-07",7.2,
"CAN","HUR","TOT","PC_LF","M","2013-08",7.1,
"CAN","HUR","TOT","PC_LF","M","2013-09",7,
"CAN","HUR","TOT","PC_LF","M","2013-10",7,
"CAN","HUR","TOT","PC_LF","M","2013-11",7,
"CAN","HUR","TOT","PC_LF","M","2013-12",7.2,
"CAN","HUR","TOT","PC_LF","M","2014-01",7,
"CAN","HUR","TOT","PC_LF","M","2014-02",7,
"CAN","HUR","TOT","PC_LF","M","2014-03",7,
"CAN","HUR","TOT","PC_LF","M","2014-04",7,
"CAN","HUR","TOT","PC_LF","M","2014-05",7,
"CAN","HUR","TOT","PC_LF","M","2014-06",7,
"CAN","HUR","TOT","PC_LF","M","2014-07",7.1,
"CAN","HUR","TOT","PC_LF","M","2014-08",7,
"CAN","HUR","TOT","PC_LF","M","2014-09",6.9,
"CAN","HUR","TOT","PC_LF","M","2014-10",6.7,
"CAN","HUR","TOT","PC_LF","M","2014-11",6.7,
"CAN","HUR","TOT","PC_LF","M","2014-12",6.7,
"CAN","HUR","TOT","PC_LF","M","2015-01",6.6,
"CAN","HUR","TOT","PC_LF","M","2015-02",6.8,
"CAN","HUR","TOT","PC_LF","M","2015-03",6.8,
"CAN","HUR","TOT","PC_LF","M","2015-04",6.8,
"CAN","HUR","TOT","PC_LF","M","2015-05",6.8,
"CAN","HUR","TOT","PC_LF","M","2015-06",6.9,
"CAN","HUR","TOT","PC_LF","M","2015-07",6.8,
"CAN","HUR","TOT","PC_LF","M","2015-08",7,
"CAN","HUR","TOT","PC_LF","M","2015-09",7.1,
"CAN","HUR","TOT","PC_LF","M","2015-10",7,
"CAN","HUR","TOT","PC_LF","M","2015-11",7.1,
"CAN","HUR","TOT","PC_LF","M","2015-12",7.1,
"CAN","HUR","TOT","PC_LF","M","2016-01",7.2,
"CAN","HUR","TOT","PC_LF","M","2016-02",7.3,
"CAN","HUR","TOT","PC_LF","M","2016-03",7.1,
"CAN","HUR","TOT","PC_LF","M","2016-04",7.1,
"CZE","HUR","TOT","PC_LF","M","2012-08",7,
"CZE","HUR","TOT","PC_LF","M","2012-09",6.9,
"CZE","HUR","TOT","PC_LF","M","2012-10",7.3,
"CZE","HUR","TOT","PC_LF","M","2012-11",7.3,
"CZE","HUR","TOT","PC_LF","M","2012-12",7.1,
"CZE","HUR","TOT","PC_LF","M","2013-01",7.1,
"CZE","HUR","TOT","PC_LF","M","2013-02",7.3,
"CZE","HUR","TOT","PC_LF","M","2013-03",7.2,
"CZE","HUR","TOT","PC_LF","M","2013-04",7.1,
"CZE","HUR","TOT","PC_LF","M","2013-05",7.1,
"CZE","HUR","TOT","PC_LF","M","2013-06",6.7,
"CZE","HUR","TOT","PC_LF","M","2013-07",6.9,
"CZE","HUR","TOT","PC_LF","M","2013-08",6.9,
"CZE","HUR","TOT","PC_LF","M","2013-09",7,
"CZE","HUR","TOT","PC_LF","M","2013-10",6.7,
"CZE","HUR","TOT","PC_LF","M","2013-11",6.8,
"CZE","HUR","TOT","PC_LF","M","2013-12",6.8,
"CZE","HUR","TOT","PC_LF","M","2014-01",6.5,
"CZE","HUR","TOT","PC_LF","M","2014-02",6.5,
"CZE","HUR","TOT","PC_LF","M","2014-03",6.7,
"CZE","HUR","TOT","PC_LF","M","2014-04",6.2,
"CZE","HUR","TOT","PC_LF","M","2014-05",6.2,
"CZE","HUR","TOT","PC_LF","M","2014-06",6.2,
"CZE","HUR","TOT","PC_LF","M","2014-07",5.8,
"CZE","HUR","TOT","PC_LF","M","2014-08",6,
"CZE","HUR","TOT","PC_LF","M","2014-09",5.9,
"CZE","HUR","TOT","PC_LF","M","2014-10",5.7,
"CZE","HUR","TOT","PC_LF","M","2014-11",5.9,
"CZE","HUR","TOT","PC_LF","M","2014-12",5.8,
"CZE","HUR","TOT","PC_LF","M","2015-01",5.9,
"CZE","HUR","TOT","PC_LF","M","2015-02",5.7,
"CZE","HUR","TOT","PC_LF","M","2015-03",5.6,
"CZE","HUR","TOT","PC_LF","M","2015-04",5.3,
"CZE","HUR","TOT","PC_LF","M","2015-05",5.1,
"CZE","HUR","TOT","PC_LF","M","2015-06",4.9,
"CZE","HUR","TOT","PC_LF","M","2015-07",5,
"CZE","HUR","TOT","PC_LF","M","2015-08",4.8,
"CZE","HUR","TOT","PC_LF","M","2015-09",4.6,
"CZE","HUR","TOT","PC_LF","M","2015-10",4.7,
"CZE","HUR","TOT","PC_LF","M","2015-11",4.5,
"CZE","HUR","TOT","PC_LF","M","2015-12",4.4,
"CZE","HUR","TOT","PC_LF","M","2016-01",4.4,
"CZE","HUR","TOT","PC_LF","M","2016-02",4.2,
"CZE","HUR","TOT","PC_LF","M","2016-03",4.1,
"CZE","HUR","TOT","PC_LF","M","2016-04",4.1,
"DNK","HUR","TOT","PC_LF","M","2012-08",7.8,
"DNK","HUR","TOT","PC_LF","M","2012-09",7.8,
"DNK","HUR","TOT","PC_LF","M","2012-10",7.6,
"DNK","HUR","TOT","PC_LF","M","2012-11",7.4,
"DNK","HUR","TOT","PC_LF","M","2012-12",7.5,
"DNK","HUR","TOT","PC_LF","M","2013-01",7.6,
"DNK","HUR","TOT","PC_LF","M","2013-02",7.6,
"DNK","HUR","TOT","PC_LF","M","2013-03",7.6,
"DNK","HUR","TOT","PC_LF","M","2013-04",7.5,
"DNK","HUR","TOT","PC_LF","M","2013-05",7.5,
"DNK","HUR","TOT","PC_LF","M","2013-06",7.2,
"DNK","HUR","TOT","PC_LF","M","2013-07",7.4,
"DNK","HUR","TOT","PC_LF","M","2013-08",7.4,
"DNK","HUR","TOT","PC_LF","M","2013-09",7.1,
"DNK","HUR","TOT","PC_LF","M","2013-10",7.2,
"DNK","HUR","TOT","PC_LF","M","2013-11",7.1,
"DNK","HUR","TOT","PC_LF","M","2013-12",7.4,
"DNK","HUR","TOT","PC_LF","M","2014-01",7.1,
"DNK","HUR","TOT","PC_LF","M","2014-02",7.1,
"DNK","HUR","TOT","PC_LF","M","2014-03",6.8,
"DNK","HUR","TOT","PC_LF","M","2014-04",6.7,
"DNK","HUR","TOT","PC_LF","M","2014-05",6.8,
"DNK","HUR","TOT","PC_LF","M","2014-06",6.8,
"DNK","HUR","TOT","PC_LF","M","2014-07",6.9,
"DNK","HUR","TOT","PC_LF","M","2014-08",6.9,
"DNK","HUR","TOT","PC_LF","M","2014-09",6.9,
"DNK","HUR","TOT","PC_LF","M","2014-10",6.9,
"DNK","HUR","TOT","PC_LF","M","2014-11",6.8,
"DNK","HUR","TOT","PC_LF","M","2014-12",6.5,
"DNK","HUR","TOT","PC_LF","M","2015-01",6.5,
"DNK","HUR","TOT","PC_LF","M","2015-02",6.4,
"DNK","HUR","TOT","PC_LF","M","2015-03",6.6,
"DNK","HUR","TOT","PC_LF","M","2015-04",6.5,
"DNK","HUR","TOT","PC_LF","M","2015-05",6.4,
"DNK","HUR","TOT","PC_LF","M","2015-06",6.3,
"DNK","HUR","TOT","PC_LF","M","2015-07",6.3,
"DNK","HUR","TOT","PC_LF","M","2015-08",6.2,
"DNK","HUR","TOT","PC_LF","M","2015-09",6.1,
"DNK","HUR","TOT","PC_LF","M","2015-10",6.1,
"DNK","HUR","TOT","PC_LF","M","2015-11",6.1,
"DNK","HUR","TOT","PC_LF","M","2015-12",6.1,
"DNK","HUR","TOT","PC_LF","M","2016-01",6,
"DNK","HUR","TOT","PC_LF","M","2016-02",6,
"DNK","HUR","TOT","PC_LF","M","2016-03",6,
"DNK","HUR","TOT","PC_LF","M","2016-04",6.1,
"FIN","HUR","TOT","PC_LF","M","2012-08",8.1,
"FIN","HUR","TOT","PC_LF","M","2012-09",7.9,
"FIN","HUR","TOT","PC_LF","M","2012-10",7.7,
"FIN","HUR","TOT","PC_LF","M","2012-11",7.8,
"FIN","HUR","TOT","PC_LF","M","2012-12",7.6,
"FIN","HUR","TOT","PC_LF","M","2013-01",8.3,
"FIN","HUR","TOT","PC_LF","M","2013-02",8.1,
"FIN","HUR","TOT","PC_LF","M","2013-03",8.3,
"FIN","HUR","TOT","PC_LF","M","2013-04",8,
"FIN","HUR","TOT","PC_LF","M","2013-05",8.2,
"FIN","HUR","TOT","PC_LF","M","2013-06",7.6,
"FIN","HUR","TOT","PC_LF","M","2013-07",7.7,
"FIN","HUR","TOT","PC_LF","M","2013-08",8.1,
"FIN","HUR","TOT","PC_LF","M","2013-09",8.3,
"FIN","HUR","TOT","PC_LF","M","2013-10",8.2,
"FIN","HUR","TOT","PC_LF","M","2013-11",8.6,
"FIN","HUR","TOT","PC_LF","M","2013-12",8.5,
"FIN","HUR","TOT","PC_LF","M","2014-01",8.2,
"FIN","HUR","TOT","PC_LF","M","2014-02",8.5,
"FIN","HUR","TOT","PC_LF","M","2014-03",8.8,
"FIN","HUR","TOT","PC_LF","M","2014-04",8.2,
"FIN","HUR","TOT","PC_LF","M","2014-05",8.4,
"FIN","HUR","TOT","PC_LF","M","2014-06",9,
"FIN","HUR","TOT","PC_LF","M","2014-07",8.2,
"FIN","HUR","TOT","PC_LF","M","2014-08",8.5,
"FIN","HUR","TOT","PC_LF","M","2014-09",9,
"FIN","HUR","TOT","PC_LF","M","2014-10",8.9,
"FIN","HUR","TOT","PC_LF","M","2014-11",9.2,
"FIN","HUR","TOT","PC_LF","M","2014-12",9.3,
"FIN","HUR","TOT","PC_LF","M","2015-01",8.5,
"FIN","HUR","TOT","PC_LF","M","2015-02",9.6,
"FIN","HUR","TOT","PC_LF","M","2015-03",9.2,
"FIN","HUR","TOT","PC_LF","M","2015-04",9.4,
"FIN","HUR","TOT","PC_LF","M","2015-05",9.6,
"FIN","HUR","TOT","PC_LF","M","2015-06",9.5,
"FIN","HUR","TOT","PC_LF","M","2015-07",9.5,
"FIN","HUR","TOT","PC_LF","M","2015-08",9.4,
"FIN","HUR","TOT","PC_LF","M","2015-09",9.4,
"FIN","HUR","TOT","PC_LF","M","2015-10",9.5,
"FIN","HUR","TOT","PC_LF","M","2015-11",9.1,
"FIN","HUR","TOT","PC_LF","M","2015-12",9.7,
"FIN","HUR","TOT","PC_LF","M","2016-01",9.1,
"FIN","HUR","TOT","PC_LF","M","2016-02",8.9,
"FIN","HUR","TOT","PC_LF","M","2016-03",9.3,
"FIN","HUR","TOT","PC_LF","M","2016-04",9,
"FRA","HUR","TOT","PC_LF","M","2012-08",9.8,
"FRA","HUR","TOT","PC_LF","M","2012-09",9.9,
"FRA","HUR","TOT","PC_LF","M","2012-10",10,
"FRA","HUR","TOT","PC_LF","M","2012-11",10.1,
"FRA","HUR","TOT","PC_LF","M","2012-12",10.2,
"FRA","HUR","TOT","PC_LF","M","2013-01",10.3,
"FRA","HUR","TOT","PC_LF","M","2013-02",10.3,
"FRA","HUR","TOT","PC_LF","M","2013-03",10.4,
"FRA","HUR","TOT","PC_LF","M","2013-04",10.4,
"FRA","HUR","TOT","PC_LF","M","2013-05",10.4,
"FRA","HUR","TOT","PC_LF","M","2013-06",10.4,
"FRA","HUR","TOT","PC_LF","M","2013-07",10.3,
"FRA","HUR","TOT","PC_LF","M","2013-08",10.2,
"FRA","HUR","TOT","PC_LF","M","2013-09",10.3,
"FRA","HUR","TOT","PC_LF","M","2013-10",10.2,
"FRA","HUR","TOT","PC_LF","M","2013-11",10.2,
"FRA","HUR","TOT","PC_LF","M","2013-12",10.2,
"FRA","HUR","TOT","PC_LF","M","2014-01",10.2,
"FRA","HUR","TOT","PC_LF","M","2014-02",10.2,
"FRA","HUR","TOT","PC_LF","M","2014-03",10.2,
"FRA","HUR","TOT","PC_LF","M","2014-04",10.2,
"FRA","HUR","TOT","PC_LF","M","2014-05",10.2,
"FRA","HUR","TOT","PC_LF","M","2014-06",10.2,
"FRA","HUR","TOT","PC_LF","M","2014-07",10.2,
"FRA","HUR","TOT","PC_LF","M","2014-08",10.3,
"FRA","HUR","TOT","PC_LF","M","2014-09",10.4,
"FRA","HUR","TOT","PC_LF","M","2014-10",10.4,
"FRA","HUR","TOT","PC_LF","M","2014-11",10.5,
"FRA","HUR","TOT","PC_LF","M","2014-12",10.4,
"FRA","HUR","TOT","PC_LF","M","2015-01",10.4,
"FRA","HUR","TOT","PC_LF","M","2015-02",10.4,
"FRA","HUR","TOT","PC_LF","M","2015-03",10.4,
"FRA","HUR","TOT","PC_LF","M","2015-04",10.5,
"FRA","HUR","TOT","PC_LF","M","2015-05",10.5,
"FRA","HUR","TOT","PC_LF","M","2015-06",10.5,
"FRA","HUR","TOT","PC_LF","M","2015-07",10.4,
"FRA","HUR","TOT","PC_LF","M","2015-08",10.3,
"FRA","HUR","TOT","PC_LF","M","2015-09",10.3,
"FRA","HUR","TOT","PC_LF","M","2015-10",10.3,
"FRA","HUR","TOT","PC_LF","M","2015-11",10.2,
"FRA","HUR","TOT","PC_LF","M","2015-12",10.2,
"FRA","HUR","TOT","PC_LF","M","2016-01",10.2,
"FRA","HUR","TOT","PC_LF","M","2016-02",10.3,
"FRA","HUR","TOT","PC_LF","M","2016-03",10.2,
"FRA","HUR","TOT","PC_LF","M","2016-04",10.1,
"DEU","HUR","TOT","PC_LF","M","2012-08",5.3,
"DEU","HUR","TOT","PC_LF","M","2012-09",5.3,
"DEU","HUR","TOT","PC_LF","M","2012-10",5.3,
"DEU","HUR","TOT","PC_LF","M","2012-11",5.3,
"DEU","HUR","TOT","PC_LF","M","2012-12",5.3,
"DEU","HUR","TOT","PC_LF","M","2013-01",5.4,
"DEU","HUR","TOT","PC_LF","M","2013-02",5.4,
"DEU","HUR","TOT","PC_LF","M","2013-03",5.4,
"DEU","HUR","TOT","PC_LF","M","2013-04",5.3,
"DEU","HUR","TOT","PC_LF","M","2013-05",5.3,
"DEU","HUR","TOT","PC_LF","M","2013-06",5.2,
"DEU","HUR","TOT","PC_LF","M","2013-07",5.2,
"DEU","HUR","TOT","PC_LF","M","2013-08",5.2,
"DEU","HUR","TOT","PC_LF","M","2013-09",5.2,
"DEU","HUR","TOT","PC_LF","M","2013-10",5.1,
"DEU","HUR","TOT","PC_LF","M","2013-11",5.1,
"DEU","HUR","TOT","PC_LF","M","2013-12",5.1,
"DEU","HUR","TOT","PC_LF","M","2014-01",5.1,
"DEU","HUR","TOT","PC_LF","M","2014-02",5.1,
"DEU","HUR","TOT","PC_LF","M","2014-03",5.1,
"DEU","HUR","TOT","PC_LF","M","2014-04",5,
"DEU","HUR","TOT","PC_LF","M","2014-05",5,
"DEU","HUR","TOT","PC_LF","M","2014-06",5,
"DEU","HUR","TOT","PC_LF","M","2014-07",5,
"DEU","HUR","TOT","PC_LF","M","2014-08",5,
"DEU","HUR","TOT","PC_LF","M","2014-09",5,
"DEU","HUR","TOT","PC_LF","M","2014-10",5,
"DEU","HUR","TOT","PC_LF","M","2014-11",4.9,
"DEU","HUR","TOT","PC_LF","M","2014-12",4.9,
"DEU","HUR","TOT","PC_LF","M","2015-01",4.8,
"DEU","HUR","TOT","PC_LF","M","2015-02",4.8,
"DEU","HUR","TOT","PC_LF","M","2015-03",4.7,
"DEU","HUR","TOT","PC_LF","M","2015-04",4.7,
"DEU","HUR","TOT","PC_LF","M","2015-05",4.7,
"DEU","HUR","TOT","PC_LF","M","2015-06",4.7,
"DEU","HUR","TOT","PC_LF","M","2015-07",4.6,
"DEU","HUR","TOT","PC_LF","M","2015-08",4.6,
"DEU","HUR","TOT","PC_LF","M","2015-09",4.5,
"DEU","HUR","TOT","PC_LF","M","2015-10",4.5,
"DEU","HUR","TOT","PC_LF","M","2015-11",4.5,
"DEU","HUR","TOT","PC_LF","M","2015-12",4.5,
"DEU","HUR","TOT","PC_LF","M","2016-01",4.4,
"DEU","HUR","TOT","PC_LF","M","2016-02",4.4,
"DEU","HUR","TOT","PC_LF","M","2016-03",4.3,
"DEU","HUR","TOT","PC_LF","M","2016-04",4.3,
"GRC","HUR","TOT","PC_LF","M","2012-08",25.6,
"GRC","HUR","TOT","PC_LF","M","2012-09",26,
"GRC","HUR","TOT","PC_LF","M","2012-10",26,
"GRC","HUR","TOT","PC_LF","M","2012-11",26.4,
"GRC","HUR","TOT","PC_LF","M","2012-12",26.3,
"GRC","HUR","TOT","PC_LF","M","2013-01",26.7,
"GRC","HUR","TOT","PC_LF","M","2013-02",26.8,
"GRC","HUR","TOT","PC_LF","M","2013-03",27.2,
"GRC","HUR","TOT","PC_LF","M","2013-04",27.5,
"GRC","HUR","TOT","PC_LF","M","2013-05",27.8,
"GRC","HUR","TOT","PC_LF","M","2013-06",27.7,
"GRC","HUR","TOT","PC_LF","M","2013-07",27.9,
"GRC","HUR","TOT","PC_LF","M","2013-08",27.8,
"GRC","HUR","TOT","PC_LF","M","2013-09",27.8,
"GRC","HUR","TOT","PC_LF","M","2013-10",27.6,
"GRC","HUR","TOT","PC_LF","M","2013-11",27.7,
"GRC","HUR","TOT","PC_LF","M","2013-12",27.5,
"GRC","HUR","TOT","PC_LF","M","2014-01",27,
"GRC","HUR","TOT","PC_LF","M","2014-02",27.1,
"GRC","HUR","TOT","PC_LF","M","2014-03",27,
"GRC","HUR","TOT","PC_LF","M","2014-04",27.1,
"GRC","HUR","TOT","PC_LF","M","2014-05",27,
"GRC","HUR","TOT","PC_LF","M","2014-06",26.7,
"GRC","HUR","TOT","PC_LF","M","2014-07",26.4,
"GRC","HUR","TOT","PC_LF","M","2014-08",26.3,
"GRC","HUR","TOT","PC_LF","M","2014-09",26.1,
"GRC","HUR","TOT","PC_LF","M","2014-10",26,
"GRC","HUR","TOT","PC_LF","M","2014-11",25.8,
"GRC","HUR","TOT","PC_LF","M","2014-12",25.8,
"GRC","HUR","TOT","PC_LF","M","2015-01",25.7,
"GRC","HUR","TOT","PC_LF","M","2015-02",25.6,
"GRC","HUR","TOT","PC_LF","M","2015-03",25.9,
"GRC","HUR","TOT","PC_LF","M","2015-04",25.3,
"GRC","HUR","TOT","PC_LF","M","2015-05",24.8,
"GRC","HUR","TOT","PC_LF","M","2015-06",25,
"GRC","HUR","TOT","PC_LF","M","2015-07",25,
"GRC","HUR","TOT","PC_LF","M","2015-08",24.6,
"GRC","HUR","TOT","PC_LF","M","2015-09",24.8,
"GRC","HUR","TOT","PC_LF","M","2015-10",24.6,
"GRC","HUR","TOT","PC_LF","M","2015-11",24.3,
"GRC","HUR","TOT","PC_LF","M","2015-12",24,
"GRC","HUR","TOT","PC_LF","M","2016-01",24.3,
"GRC","HUR","TOT","PC_LF","M","2016-02",23.8,
"GRC","HUR","TOT","PC_LF","M","2016-03",23.8,
"GRC","HUR","TOT","PC_LF","M","2016-04",23.6,
"HUN","HUR","TOT","PC_LF","M","2012-08",10.7,
"HUN","HUR","TOT","PC_LF","M","2012-09",10.7,
"HUN","HUR","TOT","PC_LF","M","2012-10",10.9,
"HUN","HUR","TOT","PC_LF","M","2012-11",10.8,
"HUN","HUR","TOT","PC_LF","M","2012-12",11,
"HUN","HUR","TOT","PC_LF","M","2013-01",11.1,
"HUN","HUR","TOT","PC_LF","M","2013-02",11.1,
"HUN","HUR","TOT","PC_LF","M","2013-03",10.5,
"HUN","HUR","TOT","PC_LF","M","2013-04",10.4,
"HUN","HUR","TOT","PC_LF","M","2013-05",10.3,
"HUN","HUR","TOT","PC_LF","M","2013-06",10.2,
"HUN","HUR","TOT","PC_LF","M","2013-07",10.1,
"HUN","HUR","TOT","PC_LF","M","2013-08",10,
"HUN","HUR","TOT","PC_LF","M","2013-09",9.9,
"HUN","HUR","TOT","PC_LF","M","2013-10",9.5,
"HUN","HUR","TOT","PC_LF","M","2013-11",9.3,
"HUN","HUR","TOT","PC_LF","M","2013-12",8.7,
"HUN","HUR","TOT","PC_LF","M","2014-01",8.2,
"HUN","HUR","TOT","PC_LF","M","2014-02",7.9,
"HUN","HUR","TOT","PC_LF","M","2014-03",7.8,
"HUN","HUR","TOT","PC_LF","M","2014-04",8,
"HUN","HUR","TOT","PC_LF","M","2014-05",8.2,
"HUN","HUR","TOT","PC_LF","M","2014-06",8.1,
"HUN","HUR","TOT","PC_LF","M","2014-07",7.8,
"HUN","HUR","TOT","PC_LF","M","2014-08",7.5,
"HUN","HUR","TOT","PC_LF","M","2014-09",7.2,
"HUN","HUR","TOT","PC_LF","M","2014-10",7.3,
"HUN","HUR","TOT","PC_LF","M","2014-11",7.3,
"HUN","HUR","TOT","PC_LF","M","2014-12",7.4,
"HUN","HUR","TOT","PC_LF","M","2015-01",7.5,
"HUN","HUR","TOT","PC_LF","M","2015-02",7.4,
"HUN","HUR","TOT","PC_LF","M","2015-03",7.3,
"HUN","HUR","TOT","PC_LF","M","2015-04",7.1,
"HUN","HUR","TOT","PC_LF","M","2015-05",7,
"HUN","HUR","TOT","PC_LF","M","2015-06",6.9,
"HUN","HUR","TOT","PC_LF","M","2015-07",6.8,
"HUN","HUR","TOT","PC_LF","M","2015-08",6.5,
"HUN","HUR","TOT","PC_LF","M","2015-09",6.5,
"HUN","HUR","TOT","PC_LF","M","2015-10",6.4,
"HUN","HUR","TOT","PC_LF","M","2015-11",6.3,
"HUN","HUR","TOT","PC_LF","M","2015-12",6.2,
"HUN","HUR","TOT","PC_LF","M","2016-01",5.9,
"HUN","HUR","TOT","PC_LF","M","2016-02",5.7,
"HUN","HUR","TOT","PC_LF","M","2016-03",5.6,
"HUN","HUR","TOT","PC_LF","M","2016-04",5.4,
"ISL","HUR","TOT","PC_LF","M","2012-08",5.7,
"ISL","HUR","TOT","PC_LF","M","2012-09",5.6,
"ISL","HUR","TOT","PC_LF","M","2012-10",5.5,
"ISL","HUR","TOT","PC_LF","M","2012-11",5.5,
"ISL","HUR","TOT","PC_LF","M","2012-12",5.6,
"ISL","HUR","TOT","PC_LF","M","2013-01",5.6,
"ISL","HUR","TOT","PC_LF","M","2013-02",5.7,
"ISL","HUR","TOT","PC_LF","M","2013-03",5.7,
"ISL","HUR","TOT","PC_LF","M","2013-04",5.7,
"ISL","HUR","TOT","PC_LF","M","2013-05",5.6,
"ISL","HUR","TOT","PC_LF","M","2013-06",5.6,
"ISL","HUR","TOT","PC_LF","M","2013-07",5.4,
"ISL","HUR","TOT","PC_LF","M","2013-08",5.3,
"ISL","HUR","TOT","PC_LF","M","2013-09",5.2,
"ISL","HUR","TOT","PC_LF","M","2013-10",5.2,
"ISL","HUR","TOT","PC_LF","M","2013-11",5.2,
"ISL","HUR","TOT","PC_LF","M","2013-12",5.3,
"ISL","HUR","TOT","PC_LF","M","2014-01",5.3,
"ISL","HUR","TOT","PC_LF","M","2014-02",5.3,
"ISL","HUR","TOT","PC_LF","M","2014-03",5.3,
"ISL","HUR","TOT","PC_LF","M","2014-04",5.2,
"ISL","HUR","TOT","PC_LF","M","2014-05",5.1,
"ISL","HUR","TOT","PC_LF","M","2014-06",4.9,
"ISL","HUR","TOT","PC_LF","M","2014-07",4.8,
"ISL","HUR","TOT","PC_LF","M","2014-08",4.7,
"ISL","HUR","TOT","PC_LF","M","2014-09",4.6,
"ISL","HUR","TOT","PC_LF","M","2014-10",4.5,
"ISL","HUR","TOT","PC_LF","M","2014-11",4.4,
"ISL","HUR","TOT","PC_LF","M","2014-12",4.4,
"ISL","HUR","TOT","PC_LF","M","2015-01",4.4,
"ISL","HUR","TOT","PC_LF","M","2015-02",4.3,
"ISL","HUR","TOT","PC_LF","M","2015-03",4.2,
"ISL","HUR","TOT","PC_LF","M","2015-04",4.2,
"ISL","HUR","TOT","PC_LF","M","2015-05",4.1,
"ISL","HUR","TOT","PC_LF","M","2015-06",4,
"ISL","HUR","TOT","PC_LF","M","2015-07",3.9,
"ISL","HUR","TOT","PC_LF","M","2015-08",3.9,
"ISL","HUR","TOT","PC_LF","M","2015-09",3.8,
"ISL","HUR","TOT","PC_LF","M","2015-10",3.7,
"ISL","HUR","TOT","PC_LF","M","2015-11",3.6,
"ISL","HUR","TOT","PC_LF","M","2015-12",3.4,
"ISL","HUR","TOT","PC_LF","M","2016-01",3.3,
"ISL","HUR","TOT","PC_LF","M","2016-02",3.3,
"ISL","HUR","TOT","PC_LF","M","2016-03",3.3,
"ISL","HUR","TOT","PC_LF","M","2016-04",3.2,
"IRL","HUR","TOT","PC_LF","M","2012-08",15.6,
"IRL","HUR","TOT","PC_LF","M","2012-09",15.4,
"IRL","HUR","TOT","PC_LF","M","2012-10",15.2,
"IRL","HUR","TOT","PC_LF","M","2012-11",15,
"IRL","HUR","TOT","PC_LF","M","2012-12",14.8,
"IRL","HUR","TOT","PC_LF","M","2013-01",14.7,
"IRL","HUR","TOT","PC_LF","M","2013-02",14.6,
"IRL","HUR","TOT","PC_LF","M","2013-03",14.4,
"IRL","HUR","TOT","PC_LF","M","2013-04",14.5,
"IRL","HUR","TOT","PC_LF","M","2013-05",14.5,
"IRL","HUR","TOT","PC_LF","M","2013-06",14.1,
"IRL","HUR","TOT","PC_LF","M","2013-07",13.6,
"IRL","HUR","TOT","PC_LF","M","2013-08",13.3,
"IRL","HUR","TOT","PC_LF","M","2013-09",13.1,
"IRL","HUR","TOT","PC_LF","M","2013-10",13,
"IRL","HUR","TOT","PC_LF","M","2013-11",12.8,
"IRL","HUR","TOT","PC_LF","M","2013-12",12.8,
"IRL","HUR","TOT","PC_LF","M","2014-01",12.9,
"IRL","HUR","TOT","PC_LF","M","2014-02",12.9,
"IRL","HUR","TOT","PC_LF","M","2014-03",12.7,
"IRL","HUR","TOT","PC_LF","M","2014-04",12.4,
"IRL","HUR","TOT","PC_LF","M","2014-05",12.2,
"IRL","HUR","TOT","PC_LF","M","2014-06",12,
"IRL","HUR","TOT","PC_LF","M","2014-07",11.9,
"IRL","HUR","TOT","PC_LF","M","2014-08",11.7,
"IRL","HUR","TOT","PC_LF","M","2014-09",11.5,
"IRL","HUR","TOT","PC_LF","M","2014-10",11.1,
"IRL","HUR","TOT","PC_LF","M","2014-11",10.8,
"IRL","HUR","TOT","PC_LF","M","2014-12",10.7,
"IRL","HUR","TOT","PC_LF","M","2015-01",10.8,
"IRL","HUR","TOT","PC_LF","M","2015-02",10.7,
"IRL","HUR","TOT","PC_LF","M","2015-03",10.6,
"IRL","HUR","TOT","PC_LF","M","2015-04",10.3,
"IRL","HUR","TOT","PC_LF","M","2015-05",10.1,
"IRL","HUR","TOT","PC_LF","M","2015-06",9.9,
"IRL","HUR","TOT","PC_LF","M","2015-07",9.7,
"IRL","HUR","TOT","PC_LF","M","2015-08",9.5,
"IRL","HUR","TOT","PC_LF","M","2015-09",9.6,
"IRL","HUR","TOT","PC_LF","M","2015-10",9.6,
"IRL","HUR","TOT","PC_LF","M","2015-11",9.6,
"IRL","HUR","TOT","PC_LF","M","2015-12",9.1,
"IRL","HUR","TOT","PC_LF","M","2016-01",9.1,
"IRL","HUR","TOT","PC_LF","M","2016-02",8.9,
"IRL","HUR","TOT","PC_LF","M","2016-03",8.9,
"IRL","HUR","TOT","PC_LF","M","2016-04",8.9,
"ITA","HUR","TOT","PC_LF","M","2012-08",10.7,
"ITA","HUR","TOT","PC_LF","M","2012-09",11,
"ITA","HUR","TOT","PC_LF","M","2012-10",11.4,
"ITA","HUR","TOT","PC_LF","M","2012-11",11.3,
"ITA","HUR","TOT","PC_LF","M","2012-12",11.4,
"ITA","HUR","TOT","PC_LF","M","2013-01",11.8,
"ITA","HUR","TOT","PC_LF","M","2013-02",11.8,
"ITA","HUR","TOT","PC_LF","M","2013-03",11.8,
"ITA","HUR","TOT","PC_LF","M","2013-04",12.1,
"ITA","HUR","TOT","PC_LF","M","2013-05",12.2,
"ITA","HUR","TOT","PC_LF","M","2013-06",12.2,
"ITA","HUR","TOT","PC_LF","M","2013-07",12.1,
"ITA","HUR","TOT","PC_LF","M","2013-08",12.3,
"ITA","HUR","TOT","PC_LF","M","2013-09",12.4,
"ITA","HUR","TOT","PC_LF","M","2013-10",12.3,
"ITA","HUR","TOT","PC_LF","M","2013-11",12.3,
"ITA","HUR","TOT","PC_LF","M","2013-12",12.4,
"ITA","HUR","TOT","PC_LF","M","2014-01",12.8,
"ITA","HUR","TOT","PC_LF","M","2014-02",12.8,
"ITA","HUR","TOT","PC_LF","M","2014-03",12.6,
"ITA","HUR","TOT","PC_LF","M","2014-04",12.6,
"ITA","HUR","TOT","PC_LF","M","2014-05",12.6,
"ITA","HUR","TOT","PC_LF","M","2014-06",12.1,
"ITA","HUR","TOT","PC_LF","M","2014-07",12.6,
"ITA","HUR","TOT","PC_LF","M","2014-08",12.4,
"ITA","HUR","TOT","PC_LF","M","2014-09",12.7,
"ITA","HUR","TOT","PC_LF","M","2014-10",12.8,
"ITA","HUR","TOT","PC_LF","M","2014-11",13.1,
"ITA","HUR","TOT","PC_LF","M","2014-12",12.3,
"ITA","HUR","TOT","PC_LF","M","2015-01",12.3,
"ITA","HUR","TOT","PC_LF","M","2015-02",12.3,
"ITA","HUR","TOT","PC_LF","M","2015-03",12.5,
"ITA","HUR","TOT","PC_LF","M","2015-04",12.2,
"ITA","HUR","TOT","PC_LF","M","2015-05",12.2,
"ITA","HUR","TOT","PC_LF","M","2015-06",12.2,
"ITA","HUR","TOT","PC_LF","M","2015-07",11.7,
"ITA","HUR","TOT","PC_LF","M","2015-08",11.5,
"ITA","HUR","TOT","PC_LF","M","2015-09",11.4,
"ITA","HUR","TOT","PC_LF","M","2015-10",11.6,
"ITA","HUR","TOT","PC_LF","M","2015-11",11.4,
"ITA","HUR","TOT","PC_LF","M","2015-12",11.6,
"ITA","HUR","TOT","PC_LF","M","2016-01",11.5,
"ITA","HUR","TOT","PC_LF","M","2016-02",11.7,
"ITA","HUR","TOT","PC_LF","M","2016-03",11.5,
"ITA","HUR","TOT","PC_LF","M","2016-04",11.7,
"JPN","HUR","TOT","PC_LF","M","2012-08",4.2,
"JPN","HUR","TOT","PC_LF","M","2012-09",4.2,
"JPN","HUR","TOT","PC_LF","M","2012-10",4.1,
"JPN","HUR","TOT","PC_LF","M","2012-11",4.1,
"JPN","HUR","TOT","PC_LF","M","2012-12",4.3,
"JPN","HUR","TOT","PC_LF","M","2013-01",4.2,
"JPN","HUR","TOT","PC_LF","M","2013-02",4.3,
"JPN","HUR","TOT","PC_LF","M","2013-03",4.1,
"JPN","HUR","TOT","PC_LF","M","2013-04",4.1,
"JPN","HUR","TOT","PC_LF","M","2013-05",4.1,
"JPN","HUR","TOT","PC_LF","M","2013-06",3.9,
"JPN","HUR","TOT","PC_LF","M","2013-07",3.8,
"JPN","HUR","TOT","PC_LF","M","2013-08",4.1,
"JPN","HUR","TOT","PC_LF","M","2013-09",3.9,
"JPN","HUR","TOT","PC_LF","M","2013-10",4,
"JPN","HUR","TOT","PC_LF","M","2013-11",3.9,
"JPN","HUR","TOT","PC_LF","M","2013-12",3.7,
"JPN","HUR","TOT","PC_LF","M","2014-01",3.7,
"JPN","HUR","TOT","PC_LF","M","2014-02",3.6,
"JPN","HUR","TOT","PC_LF","M","2014-03",3.7,
"JPN","HUR","TOT","PC_LF","M","2014-04",3.6,
"JPN","HUR","TOT","PC_LF","M","2014-05",3.6,
"JPN","HUR","TOT","PC_LF","M","2014-06",3.7,
"JPN","HUR","TOT","PC_LF","M","2014-07",3.7,
"JPN","HUR","TOT","PC_LF","M","2014-08",3.5,
"JPN","HUR","TOT","PC_LF","M","2014-09",3.5,
"JPN","HUR","TOT","PC_LF","M","2014-10",3.6,
"JPN","HUR","TOT","PC_LF","M","2014-11",3.4,
"JPN","HUR","TOT","PC_LF","M","2014-12",3.4,
"JPN","HUR","TOT","PC_LF","M","2015-01",3.6,
"JPN","HUR","TOT","PC_LF","M","2015-02",3.5,
"JPN","HUR","TOT","PC_LF","M","2015-03",3.4,
"JPN","HUR","TOT","PC_LF","M","2015-04",3.4,
"JPN","HUR","TOT","PC_LF","M","2015-05",3.3,
"JPN","HUR","TOT","PC_LF","M","2015-06",3.4,
"JPN","HUR","TOT","PC_LF","M","2015-07",3.3,
"JPN","HUR","TOT","PC_LF","M","2015-08",3.4,
"JPN","HUR","TOT","PC_LF","M","2015-09",3.4,
"JPN","HUR","TOT","PC_LF","M","2015-10",3.2,
"JPN","HUR","TOT","PC_LF","M","2015-11",3.3,
"JPN","HUR","TOT","PC_LF","M","2015-12",3.3,
"JPN","HUR","TOT","PC_LF","M","2016-01",3.2,
"JPN","HUR","TOT","PC_LF","M","2016-02",3.3,
"JPN","HUR","TOT","PC_LF","M","2016-03",3.2,
"JPN","HUR","TOT","PC_LF","M","2016-04",3.2,
"KOR","HUR","TOT","PC_LF","M","2012-08",3.1,
"KOR","HUR","TOT","PC_LF","M","2012-09",3.2,
"KOR","HUR","TOT","PC_LF","M","2012-10",3.1,
"KOR","HUR","TOT","PC_LF","M","2012-11",3.1,
"KOR","HUR","TOT","PC_LF","M","2012-12",3.1,
"KOR","HUR","TOT","PC_LF","M","2013-01",3.2,
"KOR","HUR","TOT","PC_LF","M","2013-02",3.2,
"KOR","HUR","TOT","PC_LF","M","2013-03",3,
"KOR","HUR","TOT","PC_LF","M","2013-04",3,
"KOR","HUR","TOT","PC_LF","M","2013-05",3.1,
"KOR","HUR","TOT","PC_LF","M","2013-06",3.1,
"KOR","HUR","TOT","PC_LF","M","2013-07",3.2,
"KOR","HUR","TOT","PC_LF","M","2013-08",3.1,
"KOR","HUR","TOT","PC_LF","M","2013-09",3,
"KOR","HUR","TOT","PC_LF","M","2013-10",3.1,
"KOR","HUR","TOT","PC_LF","M","2013-11",3,
"KOR","HUR","TOT","PC_LF","M","2013-12",3.2,
"KOR","HUR","TOT","PC_LF","M","2014-01",3.3,
"KOR","HUR","TOT","PC_LF","M","2014-02",3.6,
"KOR","HUR","TOT","PC_LF","M","2014-03",3.4,
"KOR","HUR","TOT","PC_LF","M","2014-04",3.6,
"KOR","HUR","TOT","PC_LF","M","2014-05",3.6,
"KOR","HUR","TOT","PC_LF","M","2014-06",3.5,
"KOR","HUR","TOT","PC_LF","M","2014-07",3.4,
"KOR","HUR","TOT","PC_LF","M","2014-08",3.5,
"KOR","HUR","TOT","PC_LF","M","2014-09",3.5,
"KOR","HUR","TOT","PC_LF","M","2014-10",3.6,
"KOR","HUR","TOT","PC_LF","M","2014-11",3.5,
"KOR","HUR","TOT","PC_LF","M","2014-12",3.7,
"KOR","HUR","TOT","PC_LF","M","2015-01",3.6,
"KOR","HUR","TOT","PC_LF","M","2015-02",3.6,
"KOR","HUR","TOT","PC_LF","M","2015-03",3.5,
"KOR","HUR","TOT","PC_LF","M","2015-04",3.6,
"KOR","HUR","TOT","PC_LF","M","2015-05",3.7,
"KOR","HUR","TOT","PC_LF","M","2015-06",3.8,
"KOR","HUR","TOT","PC_LF","M","2015-07",3.7,
"KOR","HUR","TOT","PC_LF","M","2015-08",3.5,
"KOR","HUR","TOT","PC_LF","M","2015-09",3.5,
"KOR","HUR","TOT","PC_LF","M","2015-10",3.5,
"KOR","HUR","TOT","PC_LF","M","2015-11",3.6,
"KOR","HUR","TOT","PC_LF","M","2015-12",3.5,
"KOR","HUR","TOT","PC_LF","M","2016-01",3.6,
"KOR","HUR","TOT","PC_LF","M","2016-02",3.9,
"KOR","HUR","TOT","PC_LF","M","2016-03",3.7,
"KOR","HUR","TOT","PC_LF","M","2016-04",3.6,
"LUX","HUR","TOT","PC_LF","M","2012-08",5,
"LUX","HUR","TOT","PC_LF","M","2012-09",5.1,
"LUX","HUR","TOT","PC_LF","M","2012-10",5.2,
"LUX","HUR","TOT","PC_LF","M","2012-11",5.3,
"LUX","HUR","TOT","PC_LF","M","2012-12",5.4,
"LUX","HUR","TOT","PC_LF","M","2013-01",5.5,
"LUX","HUR","TOT","PC_LF","M","2013-02",5.6,
"LUX","HUR","TOT","PC_LF","M","2013-03",5.7,
"LUX","HUR","TOT","PC_LF","M","2013-04",5.7,
"LUX","HUR","TOT","PC_LF","M","2013-05",5.8,
"LUX","HUR","TOT","PC_LF","M","2013-06",5.9,
"LUX","HUR","TOT","PC_LF","M","2013-07",5.9,
"LUX","HUR","TOT","PC_LF","M","2013-08",5.9,
"LUX","HUR","TOT","PC_LF","M","2013-09",6,
"LUX","HUR","TOT","PC_LF","M","2013-10",6,
"LUX","HUR","TOT","PC_LF","M","2013-11",6,
"LUX","HUR","TOT","PC_LF","M","2013-12",6,
"LUX","HUR","TOT","PC_LF","M","2014-01",6,
"LUX","HUR","TOT","PC_LF","M","2014-02",5.9,
"LUX","HUR","TOT","PC_LF","M","2014-03",6,
"LUX","HUR","TOT","PC_LF","M","2014-04",5.9,
"LUX","HUR","TOT","PC_LF","M","2014-05",6,
"LUX","HUR","TOT","PC_LF","M","2014-06",6,
"LUX","HUR","TOT","PC_LF","M","2014-07",6,
"LUX","HUR","TOT","PC_LF","M","2014-08",6,
"LUX","HUR","TOT","PC_LF","M","2014-09",6.1,
"LUX","HUR","TOT","PC_LF","M","2014-10",6.1,
"LUX","HUR","TOT","PC_LF","M","2014-11",6.2,
"LUX","HUR","TOT","PC_LF","M","2014-12",6.2,
"LUX","HUR","TOT","PC_LF","M","2015-01",6.3,
"LUX","HUR","TOT","PC_LF","M","2015-02",6.4,
"LUX","HUR","TOT","PC_LF","M","2015-03",6.4,
"LUX","HUR","TOT","PC_LF","M","2015-04",6.4,
"LUX","HUR","TOT","PC_LF","M","2015-05",6.6,
"LUX","HUR","TOT","PC_LF","M","2015-06",6.5,
"LUX","HUR","TOT","PC_LF","M","2015-07",6.5,
"LUX","HUR","TOT","PC_LF","M","2015-08",6.5,
"LUX","HUR","TOT","PC_LF","M","2015-09",6.5,
"LUX","HUR","TOT","PC_LF","M","2015-10",6.5,
"LUX","HUR","TOT","PC_LF","M","2015-11",6.5,
"LUX","HUR","TOT","PC_LF","M","2015-12",6.5,
"LUX","HUR","TOT","PC_LF","M","2016-01",6.4,
"LUX","HUR","TOT","PC_LF","M","2016-02",6.4,
"LUX","HUR","TOT","PC_LF","M","2016-03",6.4,
"LUX","HUR","TOT","PC_LF","M","2016-04",6.3,
"MEX","HUR","TOT","PC_LF","M","2012-08",4.966548,
"MEX","HUR","TOT","PC_LF","M","2012-09",4.712286,
"MEX","HUR","TOT","PC_LF","M","2012-10",4.905773,
"MEX","HUR","TOT","PC_LF","M","2012-11",5.261496,
"MEX","HUR","TOT","PC_LF","M","2012-12",5.016011,
"MEX","HUR","TOT","PC_LF","M","2013-01",5.163905,
"MEX","HUR","TOT","PC_LF","M","2013-02",4.907308,
"MEX","HUR","TOT","PC_LF","M","2013-03",4.929736,
"MEX","HUR","TOT","PC_LF","M","2013-04",5.102847,
"MEX","HUR","TOT","PC_LF","M","2013-05",5.048091,
"MEX","HUR","TOT","PC_LF","M","2013-06",5.081932,
"MEX","HUR","TOT","PC_LF","M","2013-07",4.788139,
"MEX","HUR","TOT","PC_LF","M","2013-08",4.866152,
"MEX","HUR","TOT","PC_LF","M","2013-09",4.940789,
"MEX","HUR","TOT","PC_LF","M","2013-10",4.891342,
"MEX","HUR","TOT","PC_LF","M","2013-11",4.668222,
"MEX","HUR","TOT","PC_LF","M","2013-12",4.762915,
"MEX","HUR","TOT","PC_LF","M","2014-01",4.857256,
"MEX","HUR","TOT","PC_LF","M","2014-02",4.758608,
"MEX","HUR","TOT","PC_LF","M","2014-03",5.221784,
"MEX","HUR","TOT","PC_LF","M","2014-04",4.916343,
"MEX","HUR","TOT","PC_LF","M","2014-05",5.025731,
"MEX","HUR","TOT","PC_LF","M","2014-06",4.838694,
"MEX","HUR","TOT","PC_LF","M","2014-07",5.176538,
"MEX","HUR","TOT","PC_LF","M","2014-08",4.878342,
"MEX","HUR","TOT","PC_LF","M","2014-09",4.728271,
"MEX","HUR","TOT","PC_LF","M","2014-10",4.684621,
"MEX","HUR","TOT","PC_LF","M","2014-11",4.648828,
"MEX","HUR","TOT","PC_LF","M","2014-12",4.213317,
"MEX","HUR","TOT","PC_LF","M","2015-01",4.371694,
"MEX","HUR","TOT","PC_LF","M","2015-02",4.354902,
"MEX","HUR","TOT","PC_LF","M","2015-03",4.237561,
"MEX","HUR","TOT","PC_LF","M","2015-04",4.430613,
"MEX","HUR","TOT","PC_LF","M","2015-05",4.493155,
"MEX","HUR","TOT","PC_LF","M","2015-06",4.418792,
"MEX","HUR","TOT","PC_LF","M","2015-07",4.436562,
"MEX","HUR","TOT","PC_LF","M","2015-08",4.421852,
"MEX","HUR","TOT","PC_LF","M","2015-09",4.196275,
"MEX","HUR","TOT","PC_LF","M","2015-10",4.453181,
"MEX","HUR","TOT","PC_LF","M","2015-11",4.112212,
"MEX","HUR","TOT","PC_LF","M","2015-12",4.313614,
"MEX","HUR","TOT","PC_LF","M","2016-01",4.126362,
"MEX","HUR","TOT","PC_LF","M","2016-02",4.191061,
"MEX","HUR","TOT","PC_LF","M","2016-03",4.068803,
"MEX","HUR","TOT","PC_LF","M","2016-04",3.91552,
"NLD","HUR","TOT","PC_LF","M","2012-08",5.8,
"NLD","HUR","TOT","PC_LF","M","2012-09",6,
"NLD","HUR","TOT","PC_LF","M","2012-10",6.1,
"NLD","HUR","TOT","PC_LF","M","2012-11",6.2,
"NLD","HUR","TOT","PC_LF","M","2012-12",6.4,
"NLD","HUR","TOT","PC_LF","M","2013-01",6.6,
"NLD","HUR","TOT","PC_LF","M","2013-02",6.8,
"NLD","HUR","TOT","PC_LF","M","2013-03",6.9,
"NLD","HUR","TOT","PC_LF","M","2013-04",7,
"NLD","HUR","TOT","PC_LF","M","2013-05",7.1,
"NLD","HUR","TOT","PC_LF","M","2013-06",7.3,
"NLD","HUR","TOT","PC_LF","M","2013-07",7.5,
"NLD","HUR","TOT","PC_LF","M","2013-08",7.5,
"NLD","HUR","TOT","PC_LF","M","2013-09",7.6,
"NLD","HUR","TOT","PC_LF","M","2013-10",7.6,
"NLD","HUR","TOT","PC_LF","M","2013-11",7.6,
"NLD","HUR","TOT","PC_LF","M","2013-12",7.7,
"NLD","HUR","TOT","PC_LF","M","2014-01",7.8,
"NLD","HUR","TOT","PC_LF","M","2014-02",7.9,
"NLD","HUR","TOT","PC_LF","M","2014-03",7.8,
"NLD","HUR","TOT","PC_LF","M","2014-04",7.7,
"NLD","HUR","TOT","PC_LF","M","2014-05",7.6,
"NLD","HUR","TOT","PC_LF","M","2014-06",7.4,
"NLD","HUR","TOT","PC_LF","M","2014-07",7.3,
"NLD","HUR","TOT","PC_LF","M","2014-08",7.2,
"NLD","HUR","TOT","PC_LF","M","2014-09",7.1,
"NLD","HUR","TOT","PC_LF","M","2014-10",7.1,
"NLD","HUR","TOT","PC_LF","M","2014-11",7.1,
"NLD","HUR","TOT","PC_LF","M","2014-12",7.2,
"NLD","HUR","TOT","PC_LF","M","2015-01",7.2,
"NLD","HUR","TOT","PC_LF","M","2015-02",7.1,
"NLD","HUR","TOT","PC_LF","M","2015-03",7,
"NLD","HUR","TOT","PC_LF","M","2015-04",7,
"NLD","HUR","TOT","PC_LF","M","2015-05",6.9,
"NLD","HUR","TOT","PC_LF","M","2015-06",6.9,
"NLD","HUR","TOT","PC_LF","M","2015-07",6.8,
"NLD","HUR","TOT","PC_LF","M","2015-08",6.8,
"NLD","HUR","TOT","PC_LF","M","2015-09",6.8,
"NLD","HUR","TOT","PC_LF","M","2015-10",6.9,
"NLD","HUR","TOT","PC_LF","M","2015-11",6.7,
"NLD","HUR","TOT","PC_LF","M","2015-12",6.6,
"NLD","HUR","TOT","PC_LF","M","2016-01",6.5,
"NLD","HUR","TOT","PC_LF","M","2016-02",6.5,
"NLD","HUR","TOT","PC_LF","M","2016-03",6.4,
"NLD","HUR","TOT","PC_LF","M","2016-04",6.4,
"NOR","HUR","TOT","PC_LF","M","2012-08",3.2,
"NOR","HUR","TOT","PC_LF","M","2012-09",3.3,
"NOR","HUR","TOT","PC_LF","M","2012-10",3.4,
"NOR","HUR","TOT","PC_LF","M","2012-11",3.6,
"NOR","HUR","TOT","PC_LF","M","2012-12",3.5,
"NOR","HUR","TOT","PC_LF","M","2013-01",3.7,
"NOR","HUR","TOT","PC_LF","M","2013-02",3.7,
"NOR","HUR","TOT","PC_LF","M","2013-03",3.8,
"NOR","HUR","TOT","PC_LF","M","2013-04",3.8,
"NOR","HUR","TOT","PC_LF","M","2013-05",3.7,
"NOR","HUR","TOT","PC_LF","M","2013-06",3.6,
"NOR","HUR","TOT","PC_LF","M","2013-07",3.7,
"NOR","HUR","TOT","PC_LF","M","2013-08",3.8,
"NOR","HUR","TOT","PC_LF","M","2013-09",3.8,
"NOR","HUR","TOT","PC_LF","M","2013-10",3.7,
"NOR","HUR","TOT","PC_LF","M","2013-11",3.8,
"NOR","HUR","TOT","PC_LF","M","2013-12",4,
"NOR","HUR","TOT","PC_LF","M","2014-01",3.7,
"NOR","HUR","TOT","PC_LF","M","2014-02",3.5,
"NOR","HUR","TOT","PC_LF","M","2014-03",3.4,
"NOR","HUR","TOT","PC_LF","M","2014-04",3.4,
"NOR","HUR","TOT","PC_LF","M","2014-05",3.3,
"NOR","HUR","TOT","PC_LF","M","2014-06",3.5,
"NOR","HUR","TOT","PC_LF","M","2014-07",3.6,
"NOR","HUR","TOT","PC_LF","M","2014-08",3.8,
"NOR","HUR","TOT","PC_LF","M","2014-09",3.8,
"NOR","HUR","TOT","PC_LF","M","2014-10",3.9,
"NOR","HUR","TOT","PC_LF","M","2014-11",3.8,
"NOR","HUR","TOT","PC_LF","M","2014-12",3.9,
"NOR","HUR","TOT","PC_LF","M","2015-01",4.1,
"NOR","HUR","TOT","PC_LF","M","2015-02",4.3,
"NOR","HUR","TOT","PC_LF","M","2015-03",4.4,
"NOR","HUR","TOT","PC_LF","M","2015-04",4.3,
"NOR","HUR","TOT","PC_LF","M","2015-05",4.5,
"NOR","HUR","TOT","PC_LF","M","2015-06",4.7,
"NOR","HUR","TOT","PC_LF","M","2015-07",4.6,
"NOR","HUR","TOT","PC_LF","M","2015-08",4.6,
"NOR","HUR","TOT","PC_LF","M","2015-09",4.5,
"NOR","HUR","TOT","PC_LF","M","2015-10",4.6,
"NOR","HUR","TOT","PC_LF","M","2015-11",4.7,
"NOR","HUR","TOT","PC_LF","M","2015-12",4.8,
"NOR","HUR","TOT","PC_LF","M","2016-01",5.1,
"NOR","HUR","TOT","PC_LF","M","2016-02",5,
"NOR","HUR","TOT","PC_LF","M","2016-03",5,
"NOR","HUR","TOT","PC_LF","M","2016-04",4.8,
"POL","HUR","TOT","PC_LF","M","2012-08",10.3,
"POL","HUR","TOT","PC_LF","M","2012-09",10.3,
"POL","HUR","TOT","PC_LF","M","2012-10",10.2,
"POL","HUR","TOT","PC_LF","M","2012-11",10.3,
"POL","HUR","TOT","PC_LF","M","2012-12",10.3,
"POL","HUR","TOT","PC_LF","M","2013-01",10.5,
"POL","HUR","TOT","PC_LF","M","2013-02",10.6,
"POL","HUR","TOT","PC_LF","M","2013-03",10.7,
"POL","HUR","TOT","PC_LF","M","2013-04",10.7,
"POL","HUR","TOT","PC_LF","M","2013-05",10.6,
"POL","HUR","TOT","PC_LF","M","2013-06",10.5,
"POL","HUR","TOT","PC_LF","M","2013-07",10.4,
"POL","HUR","TOT","PC_LF","M","2013-08",10.2,
"POL","HUR","TOT","PC_LF","M","2013-09",10.1,
"POL","HUR","TOT","PC_LF","M","2013-10",9.9,
"POL","HUR","TOT","PC_LF","M","2013-11",9.9,
"POL","HUR","TOT","PC_LF","M","2013-12",9.9,
"POL","HUR","TOT","PC_LF","M","2014-01",10,
"POL","HUR","TOT","PC_LF","M","2014-02",10,
"POL","HUR","TOT","PC_LF","M","2014-03",9.8,
"POL","HUR","TOT","PC_LF","M","2014-04",9.6,
"POL","HUR","TOT","PC_LF","M","2014-05",9.3,
"POL","HUR","TOT","PC_LF","M","2014-06",9,
"POL","HUR","TOT","PC_LF","M","2014-07",8.7,
"POL","HUR","TOT","PC_LF","M","2014-08",8.5,
"POL","HUR","TOT","PC_LF","M","2014-09",8.3,
"POL","HUR","TOT","PC_LF","M","2014-10",8.3,
"POL","HUR","TOT","PC_LF","M","2014-11",8.3,
"POL","HUR","TOT","PC_LF","M","2014-12",8.2,
"POL","HUR","TOT","PC_LF","M","2015-01",8.2,
"POL","HUR","TOT","PC_LF","M","2015-02",8.1,
"POL","HUR","TOT","PC_LF","M","2015-03",7.9,
"POL","HUR","TOT","PC_LF","M","2015-04",7.7,
"POL","HUR","TOT","PC_LF","M","2015-05",7.6,
"POL","HUR","TOT","PC_LF","M","2015-06",7.4,
"POL","HUR","TOT","PC_LF","M","2015-07",7.4,
"POL","HUR","TOT","PC_LF","M","2015-08",7.3,
"POL","HUR","TOT","PC_LF","M","2015-09",7.2,
"POL","HUR","TOT","PC_LF","M","2015-10",7.1,
"POL","HUR","TOT","PC_LF","M","2015-11",7,
"POL","HUR","TOT","PC_LF","M","2015-12",6.9,
"POL","HUR","TOT","PC_LF","M","2016-01",6.7,
"POL","HUR","TOT","PC_LF","M","2016-02",6.6,
"POL","HUR","TOT","PC_LF","M","2016-03",6.5,
"POL","HUR","TOT","PC_LF","M","2016-04",6.4,
"PRT","HUR","TOT","PC_LF","M","2012-08",16.2,
"PRT","HUR","TOT","PC_LF","M","2012-09",16.3,
"PRT","HUR","TOT","PC_LF","M","2012-10",16.7,
"PRT","HUR","TOT","PC_LF","M","2012-11",17,
"PRT","HUR","TOT","PC_LF","M","2012-12",17.3,
"PRT","HUR","TOT","PC_LF","M","2013-01",17.4,
"PRT","HUR","TOT","PC_LF","M","2013-02",17.3,
"PRT","HUR","TOT","PC_LF","M","2013-03",17.2,
"PRT","HUR","TOT","PC_LF","M","2013-04",17,
"PRT","HUR","TOT","PC_LF","M","2013-05",16.9,
"PRT","HUR","TOT","PC_LF","M","2013-06",16.7,
"PRT","HUR","TOT","PC_LF","M","2013-07",16.7,
"PRT","HUR","TOT","PC_LF","M","2013-08",16.1,
"PRT","HUR","TOT","PC_LF","M","2013-09",15.8,
"PRT","HUR","TOT","PC_LF","M","2013-10",15.6,
"PRT","HUR","TOT","PC_LF","M","2013-11",15.4,
"PRT","HUR","TOT","PC_LF","M","2013-12",15,
"PRT","HUR","TOT","PC_LF","M","2014-01",14.9,
"PRT","HUR","TOT","PC_LF","M","2014-02",14.8,
"PRT","HUR","TOT","PC_LF","M","2014-03",14.7,
"PRT","HUR","TOT","PC_LF","M","2014-04",14.6,
"PRT","HUR","TOT","PC_LF","M","2014-05",14.4,
"PRT","HUR","TOT","PC_LF","M","2014-06",14.4,
"PRT","HUR","TOT","PC_LF","M","2014-07",14.2,
"PRT","HUR","TOT","PC_LF","M","2014-08",13.6,
"PRT","HUR","TOT","PC_LF","M","2014-09",13.4,
"PRT","HUR","TOT","PC_LF","M","2014-10",13.6,
"PRT","HUR","TOT","PC_LF","M","2014-11",13.5,
"PRT","HUR","TOT","PC_LF","M","2014-12",13.5,
"PRT","HUR","TOT","PC_LF","M","2015-01",13.6,
"PRT","HUR","TOT","PC_LF","M","2015-02",13.4,
"PRT","HUR","TOT","PC_LF","M","2015-03",13.1,
"PRT","HUR","TOT","PC_LF","M","2015-04",12.8,
"PRT","HUR","TOT","PC_LF","M","2015-05",12.4,
"PRT","HUR","TOT","PC_LF","M","2015-06",12.4,
"PRT","HUR","TOT","PC_LF","M","2015-07",12.3,
"PRT","HUR","TOT","PC_LF","M","2015-08",12.4,
"PRT","HUR","TOT","PC_LF","M","2015-09",12.5,
"PRT","HUR","TOT","PC_LF","M","2015-10",12.4,
"PRT","HUR","TOT","PC_LF","M","2015-11",12.2,
"PRT","HUR","TOT","PC_LF","M","2015-12",12.1,
"PRT","HUR","TOT","PC_LF","M","2016-01",12,
"PRT","HUR","TOT","PC_LF","M","2016-02",12.1,
"PRT","HUR","TOT","PC_LF","M","2016-03",11.9,
"PRT","HUR","TOT","PC_LF","M","2016-04",11.6,
"SVK","HUR","TOT","PC_LF","M","2012-08",14,
"SVK","HUR","TOT","PC_LF","M","2012-09",13.9,
"SVK","HUR","TOT","PC_LF","M","2012-10",14.1,
"SVK","HUR","TOT","PC_LF","M","2012-11",14.2,
"SVK","HUR","TOT","PC_LF","M","2012-12",14.3,
"SVK","HUR","TOT","PC_LF","M","2013-01",14.4,
"SVK","HUR","TOT","PC_LF","M","2013-02",14.4,
"SVK","HUR","TOT","PC_LF","M","2013-03",14.3,
"SVK","HUR","TOT","PC_LF","M","2013-04",14.4,
"SVK","HUR","TOT","PC_LF","M","2013-05",14.4,
"SVK","HUR","TOT","PC_LF","M","2013-06",14.4,
"SVK","HUR","TOT","PC_LF","M","2013-07",14.2,
"SVK","HUR","TOT","PC_LF","M","2013-08",14.2,
"SVK","HUR","TOT","PC_LF","M","2013-09",14.2,
"SVK","HUR","TOT","PC_LF","M","2013-10",14.1,
"SVK","HUR","TOT","PC_LF","M","2013-11",14.1,
"SVK","HUR","TOT","PC_LF","M","2013-12",14,
"SVK","HUR","TOT","PC_LF","M","2014-01",13.9,
"SVK","HUR","TOT","PC_LF","M","2014-02",13.8,
"SVK","HUR","TOT","PC_LF","M","2014-03",13.7,
"SVK","HUR","TOT","PC_LF","M","2014-04",13.6,
"SVK","HUR","TOT","PC_LF","M","2014-05",13.5,
"SVK","HUR","TOT","PC_LF","M","2014-06",13.3,
"SVK","HUR","TOT","PC_LF","M","2014-07",13.2,
"SVK","HUR","TOT","PC_LF","M","2014-08",13,
"SVK","HUR","TOT","PC_LF","M","2014-09",12.7,
"SVK","HUR","TOT","PC_LF","M","2014-10",12.6,
"SVK","HUR","TOT","PC_LF","M","2014-11",12.5,
"SVK","HUR","TOT","PC_LF","M","2014-12",12.4,
"SVK","HUR","TOT","PC_LF","M","2015-01",12.4,
"SVK","HUR","TOT","PC_LF","M","2015-02",12.2,
"SVK","HUR","TOT","PC_LF","M","2015-03",12,
"SVK","HUR","TOT","PC_LF","M","2015-04",11.7,
"SVK","HUR","TOT","PC_LF","M","2015-05",11.6,
"SVK","HUR","TOT","PC_LF","M","2015-06",11.5,
"SVK","HUR","TOT","PC_LF","M","2015-07",11.4,
"SVK","HUR","TOT","PC_LF","M","2015-08",11.3,
"SVK","HUR","TOT","PC_LF","M","2015-09",11.2,
"SVK","HUR","TOT","PC_LF","M","2015-10",11,
"SVK","HUR","TOT","PC_LF","M","2015-11",10.8,
"SVK","HUR","TOT","PC_LF","M","2015-12",10.7,
"SVK","HUR","TOT","PC_LF","M","2016-01",10.5,
"SVK","HUR","TOT","PC_LF","M","2016-02",10.3,
"SVK","HUR","TOT","PC_LF","M","2016-03",10.2,
"SVK","HUR","TOT","PC_LF","M","2016-04",10,
"ESP","HUR","TOT","PC_LF","M","2012-08",25.3,
"ESP","HUR","TOT","PC_LF","M","2012-09",25.5,
"ESP","HUR","TOT","PC_LF","M","2012-10",25.6,
"ESP","HUR","TOT","PC_LF","M","2012-11",25.9,
"ESP","HUR","TOT","PC_LF","M","2012-12",26,
"ESP","HUR","TOT","PC_LF","M","2013-01",26.2,
"ESP","HUR","TOT","PC_LF","M","2013-02",26.3,
"ESP","HUR","TOT","PC_LF","M","2013-03",26.2,
"ESP","HUR","TOT","PC_LF","M","2013-04",26.3,
"ESP","HUR","TOT","PC_LF","M","2013-05",26.2,
"ESP","HUR","TOT","PC_LF","M","2013-06",26.2,
"ESP","HUR","TOT","PC_LF","M","2013-07",26.3,
"ESP","HUR","TOT","PC_LF","M","2013-08",26.2,
"ESP","HUR","TOT","PC_LF","M","2013-09",26.1,
"ESP","HUR","TOT","PC_LF","M","2013-10",26,
"ESP","HUR","TOT","PC_LF","M","2013-11",25.8,
"ESP","HUR","TOT","PC_LF","M","2013-12",25.5,
"ESP","HUR","TOT","PC_LF","M","2014-01",25.5,
"ESP","HUR","TOT","PC_LF","M","2014-02",25.2,
"ESP","HUR","TOT","PC_LF","M","2014-03",25.1,
"ESP","HUR","TOT","PC_LF","M","2014-04",24.8,
"ESP","HUR","TOT","PC_LF","M","2014-05",24.6,
"ESP","HUR","TOT","PC_LF","M","2014-06",24.4,
"ESP","HUR","TOT","PC_LF","M","2014-07",24.4,
"ESP","HUR","TOT","PC_LF","M","2014-08",24.2,
"ESP","HUR","TOT","PC_LF","M","2014-09",24,
"ESP","HUR","TOT","PC_LF","M","2014-10",23.9,
"ESP","HUR","TOT","PC_LF","M","2014-11",23.8,
"ESP","HUR","TOT","PC_LF","M","2014-12",23.6,
"ESP","HUR","TOT","PC_LF","M","2015-01",23.4,
"ESP","HUR","TOT","PC_LF","M","2015-02",23.1,
"ESP","HUR","TOT","PC_LF","M","2015-03",22.9,
"ESP","HUR","TOT","PC_LF","M","2015-04",22.7,
"ESP","HUR","TOT","PC_LF","M","2015-05",22.5,
"ESP","HUR","TOT","PC_LF","M","2015-06",22.3,
"ESP","HUR","TOT","PC_LF","M","2015-07",21.9,
"ESP","HUR","TOT","PC_LF","M","2015-08",21.7,
"ESP","HUR","TOT","PC_LF","M","2015-09",21.4,
"ESP","HUR","TOT","PC_LF","M","2015-10",21.2,
"ESP","HUR","TOT","PC_LF","M","2015-11",20.9,
"ESP","HUR","TOT","PC_LF","M","2015-12",20.8,
"ESP","HUR","TOT","PC_LF","M","2016-01",20.5,
"ESP","HUR","TOT","PC_LF","M","2016-02",20.4,
"ESP","HUR","TOT","PC_LF","M","2016-03",20.2,
"ESP","HUR","TOT","PC_LF","M","2016-04",20.3,
"SWE","HUR","TOT","PC_LF","M","2012-08",8.2,
"SWE","HUR","TOT","PC_LF","M","2012-09",8.1,
"SWE","HUR","TOT","PC_LF","M","2012-10",8,
"SWE","HUR","TOT","PC_LF","M","2012-11",8.4,
"SWE","HUR","TOT","PC_LF","M","2012-12",8.1,
"SWE","HUR","TOT","PC_LF","M","2013-01",7.9,
"SWE","HUR","TOT","PC_LF","M","2013-02",8,
"SWE","HUR","TOT","PC_LF","M","2013-03",8.3,
"SWE","HUR","TOT","PC_LF","M","2013-04",8.2,
"SWE","HUR","TOT","PC_LF","M","2013-05",7.9,
"SWE","HUR","TOT","PC_LF","M","2013-06",8,
"SWE","HUR","TOT","PC_LF","M","2013-07",7.9,
"SWE","HUR","TOT","PC_LF","M","2013-08",8,
"SWE","HUR","TOT","PC_LF","M","2013-09",8.1,
"SWE","HUR","TOT","PC_LF","M","2013-10",7.8,
"SWE","HUR","TOT","PC_LF","M","2013-11",8.1,
"SWE","HUR","TOT","PC_LF","M","2013-12",8,
"SWE","HUR","TOT","PC_LF","M","2014-01",8.1,
"SWE","HUR","TOT","PC_LF","M","2014-02",8,
"SWE","HUR","TOT","PC_LF","M","2014-03",8.1,
"SWE","HUR","TOT","PC_LF","M","2014-04",8.1,
"SWE","HUR","TOT","PC_LF","M","2014-05",7.6,
"SWE","HUR","TOT","PC_LF","M","2014-06",8.1,
"SWE","HUR","TOT","PC_LF","M","2014-07",7.8,
"SWE","HUR","TOT","PC_LF","M","2014-08",8,
"SWE","HUR","TOT","PC_LF","M","2014-09",7.8,
"SWE","HUR","TOT","PC_LF","M","2014-10",8,
"SWE","HUR","TOT","PC_LF","M","2014-11",7.9,
"SWE","HUR","TOT","PC_LF","M","2014-12",7.5,
"SWE","HUR","TOT","PC_LF","M","2015-01",7.8,
"SWE","HUR","TOT","PC_LF","M","2015-02",7.9,
"SWE","HUR","TOT","PC_LF","M","2015-03",7.5,
"SWE","HUR","TOT","PC_LF","M","2015-04",7.8,
"SWE","HUR","TOT","PC_LF","M","2015-05",7.6,
"SWE","HUR","TOT","PC_LF","M","2015-06",7.5,
"SWE","HUR","TOT","PC_LF","M","2015-07",7.1,
"SWE","HUR","TOT","PC_LF","M","2015-08",6.9,
"SWE","HUR","TOT","PC_LF","M","2015-09",7.3,
"SWE","HUR","TOT","PC_LF","M","2015-10",7.2,
"SWE","HUR","TOT","PC_LF","M","2015-11",6.9,
"SWE","HUR","TOT","PC_LF","M","2015-12",7.2,
"SWE","HUR","TOT","PC_LF","M","2016-01",7,
"SWE","HUR","TOT","PC_LF","M","2016-02",7.1,
"SWE","HUR","TOT","PC_LF","M","2016-03",7.3,
"SWE","HUR","TOT","PC_LF","M","2016-04",6.8,
"TUR","HUR","TOT","PC_LF","M","2012-08",8.2,
"TUR","HUR","TOT","PC_LF","M","2012-09",8.4,
"TUR","HUR","TOT","PC_LF","M","2012-10",8.4,
"TUR","HUR","TOT","PC_LF","M","2012-11",8.6,
"TUR","HUR","TOT","PC_LF","M","2012-12",8.8,
"TUR","HUR","TOT","PC_LF","M","2013-01",8.8,
"TUR","HUR","TOT","PC_LF","M","2013-02",8.8,
"TUR","HUR","TOT","PC_LF","M","2013-03",9,
"TUR","HUR","TOT","PC_LF","M","2013-04",9.1,
"TUR","HUR","TOT","PC_LF","M","2013-05",9,
"TUR","HUR","TOT","PC_LF","M","2013-06",8.9,
"TUR","HUR","TOT","PC_LF","M","2013-07",9.1,
"TUR","HUR","TOT","PC_LF","M","2013-08",9.2,
"TUR","HUR","TOT","PC_LF","M","2013-09",9.3,
"TUR","HUR","TOT","PC_LF","M","2013-10",9.1,
"TUR","HUR","TOT","PC_LF","M","2013-11",9.2,
"TUR","HUR","TOT","PC_LF","M","2013-12",9.1,
"TUR","HUR","TOT","PC_LF","M","2014-01",9.3,
"TUR","HUR","TOT","PC_LF","M","2014-02",9.2,
"TUR","HUR","TOT","PC_LF","M","2014-03",9.3,
"TUR","HUR","TOT","PC_LF","M","2014-04",9.4,
"TUR","HUR","TOT","PC_LF","M","2014-05",9.6,
"TUR","HUR","TOT","PC_LF","M","2014-06",9.9,
"TUR","HUR","TOT","PC_LF","M","2014-07",10.2,
"TUR","HUR","TOT","PC_LF","M","2014-08",10.2,
"TUR","HUR","TOT","PC_LF","M","2014-09",10.5,
"TUR","HUR","TOT","PC_LF","M","2014-10",10.5,
"TUR","HUR","TOT","PC_LF","M","2014-11",10.6,
"TUR","HUR","TOT","PC_LF","M","2014-12",10.4,
"TUR","HUR","TOT","PC_LF","M","2015-01",10.3,
"TUR","HUR","TOT","PC_LF","M","2015-02",10.3,
"TUR","HUR","TOT","PC_LF","M","2015-03",10.3,
"TUR","HUR","TOT","PC_LF","M","2015-04",10.2,
"TUR","HUR","TOT","PC_LF","M","2015-05",10.3,
"TUR","HUR","TOT","PC_LF","M","2015-06",10.4,
"TUR","HUR","TOT","PC_LF","M","2015-07",10.2,
"TUR","HUR","TOT","PC_LF","M","2015-08",10.2,
"TUR","HUR","TOT","PC_LF","M","2015-09",10.3,
"TUR","HUR","TOT","PC_LF","M","2015-10",10.5,
"TUR","HUR","TOT","PC_LF","M","2015-11",10.4,
"TUR","HUR","TOT","PC_LF","M","2015-12",10.2,
"TUR","HUR","TOT","PC_LF","M","2016-01",10.1,
"TUR","HUR","TOT","PC_LF","M","2016-02",10,
"TUR","HUR","TOT","PC_LF","M","2016-03",9.8,
"TUR","HUR","TOT","PC_LF","M","2016-04",9.9,
"GBR","HUR","TOT","PC_LF","M","2012-08",7.7,
"GBR","HUR","TOT","PC_LF","M","2012-09",7.7,
"GBR","HUR","TOT","PC_LF","M","2012-10",7.8,
"GBR","HUR","TOT","PC_LF","M","2012-11",7.8,
"GBR","HUR","TOT","PC_LF","M","2012-12",7.8,
"GBR","HUR","TOT","PC_LF","M","2013-01",7.9,
"GBR","HUR","TOT","PC_LF","M","2013-02",7.8,
"GBR","HUR","TOT","PC_LF","M","2013-03",7.7,
"GBR","HUR","TOT","PC_LF","M","2013-04",7.8,
"GBR","HUR","TOT","PC_LF","M","2013-05",7.8,
"GBR","HUR","TOT","PC_LF","M","2013-06",7.7,
"GBR","HUR","TOT","PC_LF","M","2013-07",7.7,
"GBR","HUR","TOT","PC_LF","M","2013-08",7.6,
"GBR","HUR","TOT","PC_LF","M","2013-09",7.3,
"GBR","HUR","TOT","PC_LF","M","2013-10",7.1,
"GBR","HUR","TOT","PC_LF","M","2013-11",7.2,
"GBR","HUR","TOT","PC_LF","M","2013-12",7.1,
"GBR","HUR","TOT","PC_LF","M","2014-01",6.8,
"GBR","HUR","TOT","PC_LF","M","2014-02",6.7,
"GBR","HUR","TOT","PC_LF","M","2014-03",6.6,
"GBR","HUR","TOT","PC_LF","M","2014-04",6.4,
"GBR","HUR","TOT","PC_LF","M","2014-05",6.3,
"GBR","HUR","TOT","PC_LF","M","2014-06",6.1,
"GBR","HUR","TOT","PC_LF","M","2014-07",6,
"GBR","HUR","TOT","PC_LF","M","2014-08",5.9,
"GBR","HUR","TOT","PC_LF","M","2014-09",5.9,
"GBR","HUR","TOT","PC_LF","M","2014-10",5.8,
"GBR","HUR","TOT","PC_LF","M","2014-11",5.6,
"GBR","HUR","TOT","PC_LF","M","2014-12",5.6,
"GBR","HUR","TOT","PC_LF","M","2015-01",5.5,
"GBR","HUR","TOT","PC_LF","M","2015-02",5.5,
"GBR","HUR","TOT","PC_LF","M","2015-03",5.4,
"GBR","HUR","TOT","PC_LF","M","2015-04",5.6,
"GBR","HUR","TOT","PC_LF","M","2015-05",5.6,
"GBR","HUR","TOT","PC_LF","M","2015-06",5.5,
"GBR","HUR","TOT","PC_LF","M","2015-07",5.4,
"GBR","HUR","TOT","PC_LF","M","2015-08",5.3,
"GBR","HUR","TOT","PC_LF","M","2015-09",5.2,
"GBR","HUR","TOT","PC_LF","M","2015-10",5,
"GBR","HUR","TOT","PC_LF","M","2015-11",5,
"GBR","HUR","TOT","PC_LF","M","2015-12",5,
"GBR","HUR","TOT","PC_LF","M","2016-01",5,
"GBR","HUR","TOT","PC_LF","M","2016-02",5,
"GBR","HUR","TOT","PC_LF","M","2016-03",4.9,
"GBR","HUR","TOT","PC_LF","M","2016-04",4.9,
"USA","HUR","TOT","PC_LF","M","2012-08",8.1,
"USA","HUR","TOT","PC_LF","M","2012-09",7.8,
"USA","HUR","TOT","PC_LF","M","2012-10",7.8,
"USA","HUR","TOT","PC_LF","M","2012-11",7.7,
"USA","HUR","TOT","PC_LF","M","2012-12",7.9,
"USA","HUR","TOT","PC_LF","M","2013-01",8,
"USA","HUR","TOT","PC_LF","M","2013-02",7.7,
"USA","HUR","TOT","PC_LF","M","2013-03",7.5,
"USA","HUR","TOT","PC_LF","M","2013-04",7.6,
"USA","HUR","TOT","PC_LF","M","2013-05",7.5,
"USA","HUR","TOT","PC_LF","M","2013-06",7.5,
"USA","HUR","TOT","PC_LF","M","2013-07",7.3,
"USA","HUR","TOT","PC_LF","M","2013-08",7.2,
"USA","HUR","TOT","PC_LF","M","2013-09",7.2,
"USA","HUR","TOT","PC_LF","M","2013-10",7.2,
"USA","HUR","TOT","PC_LF","M","2013-11",6.9,
"USA","HUR","TOT","PC_LF","M","2013-12",6.7,
"USA","HUR","TOT","PC_LF","M","2014-01",6.6,
"USA","HUR","TOT","PC_LF","M","2014-02",6.7,
"USA","HUR","TOT","PC_LF","M","2014-03",6.7,
"USA","HUR","TOT","PC_LF","M","2014-04",6.2,
"USA","HUR","TOT","PC_LF","M","2014-05",6.3,
"USA","HUR","TOT","PC_LF","M","2014-06",6.1,
"USA","HUR","TOT","PC_LF","M","2014-07",6.2,
"USA","HUR","TOT","PC_LF","M","2014-08",6.1,
"USA","HUR","TOT","PC_LF","M","2014-09",5.9,
"USA","HUR","TOT","PC_LF","M","2014-10",5.7,
"USA","HUR","TOT","PC_LF","M","2014-11",5.8,
"USA","HUR","TOT","PC_LF","M","2014-12",5.6,
"USA","HUR","TOT","PC_LF","M","2015-01",5.7,
"USA","HUR","TOT","PC_LF","M","2015-02",5.5,
"USA","HUR","TOT","PC_LF","M","2015-03",5.4,
"USA","HUR","TOT","PC_LF","M","2015-04",5.4,
"USA","HUR","TOT","PC_LF","M","2015-05",5.6,
"USA","HUR","TOT","PC_LF","M","2015-06",5.3,
"USA","HUR","TOT","PC_LF","M","2015-07",5.2,
"USA","HUR","TOT","PC_LF","M","2015-08",5.1,
"USA","HUR","TOT","PC_LF","M","2015-09",5,
"USA","HUR","TOT","PC_LF","M","2015-10",5,
"USA","HUR","TOT","PC_LF","M","2015-11",5.1,
"USA","HUR","TOT","PC_LF","M","2015-12",5,
"USA","HUR","TOT","PC_LF","M","2016-01",4.9,
"USA","HUR","TOT","PC_LF","M","2016-02",4.9,
"USA","HUR","TOT","PC_LF","M","2016-03",5,
"USA","HUR","TOT","PC_LF","M","2016-04",5,
"CHL","HUR","TOT","PC_LF","M","2012-08",6.358818,
"CHL","HUR","TOT","PC_LF","M","2012-09",6.618623,
"CHL","HUR","TOT","PC_LF","M","2012-10",6.591927,
"CHL","HUR","TOT","PC_LF","M","2012-11",6.711728,
"CHL","HUR","TOT","PC_LF","M","2012-12",6.487929,
"CHL","HUR","TOT","PC_LF","M","2013-01",6.653358,
"CHL","HUR","TOT","PC_LF","M","2013-02",6.423451,
"CHL","HUR","TOT","PC_LF","M","2013-03",6.53547,
"CHL","HUR","TOT","PC_LF","M","2013-04",6.31234,
"CHL","HUR","TOT","PC_LF","M","2013-05",6.006222,
"CHL","HUR","TOT","PC_LF","M","2013-06",5.591215,
"CHL","HUR","TOT","PC_LF","M","2013-07",5.581739,
"CHL","HUR","TOT","PC_LF","M","2013-08",5.661608,
"CHL","HUR","TOT","PC_LF","M","2013-09",5.887432,
"CHL","HUR","TOT","PC_LF","M","2013-10",6.077923,
"CHL","HUR","TOT","PC_LF","M","2013-11",6.226226,
"CHL","HUR","TOT","PC_LF","M","2013-12",6.590693,
"CHL","HUR","TOT","PC_LF","M","2014-01",6.462186,
"CHL","HUR","TOT","PC_LF","M","2014-02",6.505256,
"CHL","HUR","TOT","PC_LF","M","2014-03",6.174348,
"CHL","HUR","TOT","PC_LF","M","2014-04",6.115305,
"CHL","HUR","TOT","PC_LF","M","2014-05",6.248306,
"CHL","HUR","TOT","PC_LF","M","2014-06",6.256752,
"CHL","HUR","TOT","PC_LF","M","2014-07",6.510534,
"CHL","HUR","TOT","PC_LF","M","2014-08",6.539229,
"CHL","HUR","TOT","PC_LF","M","2014-09",6.500541,
"CHL","HUR","TOT","PC_LF","M","2014-10",6.452808,
"CHL","HUR","TOT","PC_LF","M","2014-11",6.6875,
"CHL","HUR","TOT","PC_LF","M","2014-12",6.590809,
"CHL","HUR","TOT","PC_LF","M","2015-01",6.491266,
"CHL","HUR","TOT","PC_LF","M","2015-02",6.22772,
"CHL","HUR","TOT","PC_LF","M","2015-03",6.376048,
"CHL","HUR","TOT","PC_LF","M","2015-04",6.515195,
"CHL","HUR","TOT","PC_LF","M","2015-05",6.404035,
"CHL","HUR","TOT","PC_LF","M","2015-06",6.354094,
"CHL","HUR","TOT","PC_LF","M","2015-07",6.265246,
"CHL","HUR","TOT","PC_LF","M","2015-08",6.343424,
"CHL","HUR","TOT","PC_LF","M","2015-09",6.395781,
"CHL","HUR","TOT","PC_LF","M","2015-10",6.422844,
"CHL","HUR","TOT","PC_LF","M","2015-11",6.337292,
"CHL","HUR","TOT","PC_LF","M","2015-12",6.275968,
"CHL","HUR","TOT","PC_LF","M","2016-01",6.313155,
"CHL","HUR","TOT","PC_LF","M","2016-02",6.493286,
"CHL","HUR","TOT","PC_LF","M","2016-03",6.642172,
"CHL","HUR","TOT","PC_LF","M","2016-04",6.798169,
"EST","HUR","TOT","PC_LF","M","2012-08",10,
"EST","HUR","TOT","PC_LF","M","2012-09",9.2,
"EST","HUR","TOT","PC_LF","M","2012-10",9.3,
"EST","HUR","TOT","PC_LF","M","2012-11",9.4,
"EST","HUR","TOT","PC_LF","M","2012-12",9.6,
"EST","HUR","TOT","PC_LF","M","2013-01",9.8,
"EST","HUR","TOT","PC_LF","M","2013-02",9.4,
"EST","HUR","TOT","PC_LF","M","2013-03",8.9,
"EST","HUR","TOT","PC_LF","M","2013-04",8,
"EST","HUR","TOT","PC_LF","M","2013-05",7.9,
"EST","HUR","TOT","PC_LF","M","2013-06",7.9,
"EST","HUR","TOT","PC_LF","M","2013-07",7.9,
"EST","HUR","TOT","PC_LF","M","2013-08",8.3,
"EST","HUR","TOT","PC_LF","M","2013-09",8.4,
"EST","HUR","TOT","PC_LF","M","2013-10",8.8,
"EST","HUR","TOT","PC_LF","M","2013-11",9,
"EST","HUR","TOT","PC_LF","M","2013-12",8.6,
"EST","HUR","TOT","PC_LF","M","2014-01",8.6,
"EST","HUR","TOT","PC_LF","M","2014-02",8.1,
"EST","HUR","TOT","PC_LF","M","2014-03",7.8,
"EST","HUR","TOT","PC_LF","M","2014-04",7.5,
"EST","HUR","TOT","PC_LF","M","2014-05",6.9,
"EST","HUR","TOT","PC_LF","M","2014-06",7,
"EST","HUR","TOT","PC_LF","M","2014-07",7.4,
"EST","HUR","TOT","PC_LF","M","2014-08",7.9,
"EST","HUR","TOT","PC_LF","M","2014-09",7.5,
"EST","HUR","TOT","PC_LF","M","2014-10",6.9,
"EST","HUR","TOT","PC_LF","M","2014-11",6.6,
"EST","HUR","TOT","PC_LF","M","2014-12",6.5,
"EST","HUR","TOT","PC_LF","M","2015-01",6.4,
"EST","HUR","TOT","PC_LF","M","2015-02",6.2,
"EST","HUR","TOT","PC_LF","M","2015-03",6.6,
"EST","HUR","TOT","PC_LF","M","2015-04",6.8,
"EST","HUR","TOT","PC_LF","M","2015-05",6.4,
"EST","HUR","TOT","PC_LF","M","2015-06",6,
"EST","HUR","TOT","PC_LF","M","2015-07",5.4,
"EST","HUR","TOT","PC_LF","M","2015-08",5.5,
"EST","HUR","TOT","PC_LF","M","2015-09",5.7,
"EST","HUR","TOT","PC_LF","M","2015-10",6.2,
"EST","HUR","TOT","PC_LF","M","2015-11",6.6,
"EST","HUR","TOT","PC_LF","M","2015-12",6.5,
"EST","HUR","TOT","PC_LF","M","2016-01",6.4,
"EST","HUR","TOT","PC_LF","M","2016-02",6.1,
"EST","HUR","TOT","PC_LF","M","2016-03",6.6,
"EST","HUR","TOT","PC_LF","M","2016-04",6.3,
"ISR","HUR","TOT","PC_LF","M","2012-08",6.694066,
"ISR","HUR","TOT","PC_LF","M","2012-09",6.870748,
"ISR","HUR","TOT","PC_LF","M","2012-10",6.986574,
"ISR","HUR","TOT","PC_LF","M","2012-11",6.91951,
"ISR","HUR","TOT","PC_LF","M","2012-12",6.796017,
"ISR","HUR","TOT","PC_LF","M","2013-01",6.79352,
"ISR","HUR","TOT","PC_LF","M","2013-02",6.807321,
"ISR","HUR","TOT","PC_LF","M","2013-03",6.727212,
"ISR","HUR","TOT","PC_LF","M","2013-04",6.825423,
"ISR","HUR","TOT","PC_LF","M","2013-05",6.634143,
"ISR","HUR","TOT","PC_LF","M","2013-06",6.207711,
"ISR","HUR","TOT","PC_LF","M","2013-07",6.159227,
"ISR","HUR","TOT","PC_LF","M","2013-08",5.720729,
"ISR","HUR","TOT","PC_LF","M","2013-09",5.82251,
"ISR","HUR","TOT","PC_LF","M","2013-10",5.663475,
"ISR","HUR","TOT","PC_LF","M","2013-11",5.646896,
"ISR","HUR","TOT","PC_LF","M","2013-12",5.854538,
"ISR","HUR","TOT","PC_LF","M","2014-01",5.736094,
"ISR","HUR","TOT","PC_LF","M","2014-02",5.89947,
"ISR","HUR","TOT","PC_LF","M","2014-03",5.809097,
"ISR","HUR","TOT","PC_LF","M","2014-04",5.865898,
"ISR","HUR","TOT","PC_LF","M","2014-05",5.995375,
"ISR","HUR","TOT","PC_LF","M","2014-06",6.038158,
"ISR","HUR","TOT","PC_LF","M","2014-07",6.0659,
"ISR","HUR","TOT","PC_LF","M","2014-08",6.202521,
"ISR","HUR","TOT","PC_LF","M","2014-09",5.997307,
"ISR","HUR","TOT","PC_LF","M","2014-10",5.682686,
"ISR","HUR","TOT","PC_LF","M","2014-11",5.693273,
"ISR","HUR","TOT","PC_LF","M","2014-12",5.692101,
"ISR","HUR","TOT","PC_LF","M","2015-01",5.61979,
"ISR","HUR","TOT","PC_LF","M","2015-02",5.315006,
"ISR","HUR","TOT","PC_LF","M","2015-03",5.478868,
"ISR","HUR","TOT","PC_LF","M","2015-04",4.909037,
"ISR","HUR","TOT","PC_LF","M","2015-05",5.079588,
"ISR","HUR","TOT","PC_LF","M","2015-06",5.3521,
"ISR","HUR","TOT","PC_LF","M","2015-07",5.438026,
"ISR","HUR","TOT","PC_LF","M","2015-08",5.096159,
"ISR","HUR","TOT","PC_LF","M","2015-09",5.172902,
"ISR","HUR","TOT","PC_LF","M","2015-10",5.260815,
"ISR","HUR","TOT","PC_LF","M","2015-11",5.250929,
"ISR","HUR","TOT","PC_LF","M","2015-12",5.227405,
"ISR","HUR","TOT","PC_LF","M","2016-01",4.989185,
"ISR","HUR","TOT","PC_LF","M","2016-02",5.377364,
"ISR","HUR","TOT","PC_LF","M","2016-03",5.272291,
"ISR","HUR","TOT","PC_LF","M","2016-04",5.096673,
"SVN","HUR","TOT","PC_LF","M","2012-08",9.5,
"SVN","HUR","TOT","PC_LF","M","2012-09",9.6,
"SVN","HUR","TOT","PC_LF","M","2012-10",9.5,
"SVN","HUR","TOT","PC_LF","M","2012-11",9.4,
"SVN","HUR","TOT","PC_LF","M","2012-12",9.7,
"SVN","HUR","TOT","PC_LF","M","2013-01",10.2,
"SVN","HUR","TOT","PC_LF","M","2013-02",10.5,
"SVN","HUR","TOT","PC_LF","M","2013-03",10.8,
"SVN","HUR","TOT","PC_LF","M","2013-04",10.9,
"SVN","HUR","TOT","PC_LF","M","2013-05",10.8,
"SVN","HUR","TOT","PC_LF","M","2013-06",10.4,
"SVN","HUR","TOT","PC_LF","M","2013-07",9.9,
"SVN","HUR","TOT","PC_LF","M","2013-08",9.7,
"SVN","HUR","TOT","PC_LF","M","2013-09",9.5,
"SVN","HUR","TOT","PC_LF","M","2013-10",9.6,
"SVN","HUR","TOT","PC_LF","M","2013-11",9.7,
"SVN","HUR","TOT","PC_LF","M","2013-12",9.9,
"SVN","HUR","TOT","PC_LF","M","2014-01",10.2,
"SVN","HUR","TOT","PC_LF","M","2014-02",10.3,
"SVN","HUR","TOT","PC_LF","M","2014-03",10.1,
"SVN","HUR","TOT","PC_LF","M","2014-04",9.7,
"SVN","HUR","TOT","PC_LF","M","2014-05",9.6,
"SVN","HUR","TOT","PC_LF","M","2014-06",9.4,
"SVN","HUR","TOT","PC_LF","M","2014-07",9.5,
"SVN","HUR","TOT","PC_LF","M","2014-08",9.5,
"SVN","HUR","TOT","PC_LF","M","2014-09",9.6,
"SVN","HUR","TOT","PC_LF","M","2014-10",9.7,
"SVN","HUR","TOT","PC_LF","M","2014-11",9.7,
"SVN","HUR","TOT","PC_LF","M","2014-12",9.6,
"SVN","HUR","TOT","PC_LF","M","2015-01",9.3,
"SVN","HUR","TOT","PC_LF","M","2015-02",9.2,
"SVN","HUR","TOT","PC_LF","M","2015-03",9.2,
"SVN","HUR","TOT","PC_LF","M","2015-04",9.4,
"SVN","HUR","TOT","PC_LF","M","2015-05",9.5,
"SVN","HUR","TOT","PC_LF","M","2015-06",9.4,
"SVN","HUR","TOT","PC_LF","M","2015-07",9,
"SVN","HUR","TOT","PC_LF","M","2015-08",8.8,
"SVN","HUR","TOT","PC_LF","M","2015-09",8.6,
"SVN","HUR","TOT","PC_LF","M","2015-10",8.5,
"SVN","HUR","TOT","PC_LF","M","2015-11",8.5,
"SVN","HUR","TOT","PC_LF","M","2015-12",8.5,
"SVN","HUR","TOT","PC_LF","M","2016-01",8.4,
"SVN","HUR","TOT","PC_LF","M","2016-02",8.3,
"SVN","HUR","TOT","PC_LF","M","2016-03",8.4,
"SVN","HUR","TOT","PC_LF","M","2016-04",8.1,
"EU28","HUR","TOT","PC_LF","M","2012-08",10.6,
"EU28","HUR","TOT","PC_LF","M","2012-09",10.6,
"EU28","HUR","TOT","PC_LF","M","2012-10",10.7,
"EU28","HUR","TOT","PC_LF","M","2012-11",10.8,
"EU28","HUR","TOT","PC_LF","M","2012-12",10.8,
"EU28","HUR","TOT","PC_LF","M","2013-01",11,
"EU28","HUR","TOT","PC_LF","M","2013-02",11,
"EU28","HUR","TOT","PC_LF","M","2013-03",11,
"EU28","HUR","TOT","PC_LF","M","2013-04",11,
"EU28","HUR","TOT","PC_LF","M","2013-05",11,
"EU28","HUR","TOT","PC_LF","M","2013-06",11,
"EU28","HUR","TOT","PC_LF","M","2013-07",10.9,
"EU28","HUR","TOT","PC_LF","M","2013-08",10.9,
"EU28","HUR","TOT","PC_LF","M","2013-09",10.8,
"EU28","HUR","TOT","PC_LF","M","2013-10",10.7,
"EU28","HUR","TOT","PC_LF","M","2013-11",10.7,
"EU28","HUR","TOT","PC_LF","M","2013-12",10.7,
"EU28","HUR","TOT","PC_LF","M","2014-01",10.6,
"EU28","HUR","TOT","PC_LF","M","2014-02",10.6,
"EU28","HUR","TOT","PC_LF","M","2014-03",10.5,
"EU28","HUR","TOT","PC_LF","M","2014-04",10.4,
"EU28","HUR","TOT","PC_LF","M","2014-05",10.3,
"EU28","HUR","TOT","PC_LF","M","2014-06",10.2,
"EU28","HUR","TOT","PC_LF","M","2014-07",10.1,
"EU28","HUR","TOT","PC_LF","M","2014-08",10.1,
"EU28","HUR","TOT","PC_LF","M","2014-09",10,
"EU28","HUR","TOT","PC_LF","M","2014-10",10,
"EU28","HUR","TOT","PC_LF","M","2014-11",10,
"EU28","HUR","TOT","PC_LF","M","2014-12",9.9,
"EU28","HUR","TOT","PC_LF","M","2015-01",9.8,
"EU28","HUR","TOT","PC_LF","M","2015-02",9.8,
"EU28","HUR","TOT","PC_LF","M","2015-03",9.7,
"EU28","HUR","TOT","PC_LF","M","2015-04",9.7,
"EU28","HUR","TOT","PC_LF","M","2015-05",9.6,
"EU28","HUR","TOT","PC_LF","M","2015-06",9.5,
"EU28","HUR","TOT","PC_LF","M","2015-07",9.3,
"EU28","HUR","TOT","PC_LF","M","2015-08",9.2,
"EU28","HUR","TOT","PC_LF","M","2015-09",9.2,
"EU28","HUR","TOT","PC_LF","M","2015-10",9.1,
"EU28","HUR","TOT","PC_LF","M","2015-11",9,
"EU28","HUR","TOT","PC_LF","M","2015-12",9,
"EU28","HUR","TOT","PC_LF","M","2016-01",8.9,
"EU28","HUR","TOT","PC_LF","M","2016-02",8.9,
"EU28","HUR","TOT","PC_LF","M","2016-03",8.8,
"EU28","HUR","TOT","PC_LF","M","2016-04",8.7,
"OECD","HUR","TOT","PC_LF","M","2012-08",8.044535,"E"
"OECD","HUR","TOT","PC_LF","M","2012-09",8.029979,"E"
"OECD","HUR","TOT","PC_LF","M","2012-10",8.06102,"E"
"OECD","HUR","TOT","PC_LF","M","2012-11",8.110373,"E"
"OECD","HUR","TOT","PC_LF","M","2012-12",8.165383,"E"
"OECD","HUR","TOT","PC_LF","M","2013-01",8.237635,"E"
"OECD","HUR","TOT","PC_LF","M","2013-02",8.163267,"E"
"OECD","HUR","TOT","PC_LF","M","2013-03",8.108093,"E"
"OECD","HUR","TOT","PC_LF","M","2013-04",8.130946,"E"
"OECD","HUR","TOT","PC_LF","M","2013-05",8.062398,"E"
"OECD","HUR","TOT","PC_LF","M","2013-06",8.029634,"E"
"OECD","HUR","TOT","PC_LF","M","2013-07",7.940643,"E"
"OECD","HUR","TOT","PC_LF","M","2013-08",7.953826,"E"
"OECD","HUR","TOT","PC_LF","M","2013-09",7.917087,"E"
"OECD","HUR","TOT","PC_LF","M","2013-10",7.838041,"E"
"OECD","HUR","TOT","PC_LF","M","2013-11",7.76932,"E"
"OECD","HUR","TOT","PC_LF","M","2013-12",7.671748,"E"
"OECD","HUR","TOT","PC_LF","M","2014-01",7.646898,"E"
"OECD","HUR","TOT","PC_LF","M","2014-02",7.65536,"E"
"OECD","HUR","TOT","PC_LF","M","2014-03",7.662193,"E"
"OECD","HUR","TOT","PC_LF","M","2014-04",7.475594,"E"
"OECD","HUR","TOT","PC_LF","M","2014-05",7.487895,"E"
"OECD","HUR","TOT","PC_LF","M","2014-06",7.415659,"E"
"OECD","HUR","TOT","PC_LF","M","2014-07",7.456318,"E"
"OECD","HUR","TOT","PC_LF","M","2014-08",7.375278,"E"
"OECD","HUR","TOT","PC_LF","M","2014-09",7.311545,"E"
"OECD","HUR","TOT","PC_LF","M","2014-10",7.264623,"E"
"OECD","HUR","TOT","PC_LF","M","2014-11",7.254998,"E"
"OECD","HUR","TOT","PC_LF","M","2014-12",7.118081,"E"
"OECD","HUR","TOT","PC_LF","M","2015-01",7.111514,"E"
"OECD","HUR","TOT","PC_LF","M","2015-02",7.04054,"E"
"OECD","HUR","TOT","PC_LF","M","2015-03",6.979545,"E"
"OECD","HUR","TOT","PC_LF","M","2015-04",7.010643,"E"
"OECD","HUR","TOT","PC_LF","M","2015-05",7.014964,"E"
"OECD","HUR","TOT","PC_LF","M","2015-06",6.901683,"E"
"OECD","HUR","TOT","PC_LF","M","2015-07",6.81772,"E"
"OECD","HUR","TOT","PC_LF","M","2015-08",6.772902,"E"
"OECD","HUR","TOT","PC_LF","M","2015-09",6.730752,"E"
"OECD","HUR","TOT","PC_LF","M","2015-10",6.709982,"E"
"OECD","HUR","TOT","PC_LF","M","2015-11",6.630942,"E"
"OECD","HUR","TOT","PC_LF","M","2015-12",6.647472,"E"
"OECD","HUR","TOT","PC_LF","M","2016-01",6.577441,"E"
"OECD","HUR","TOT","PC_LF","M","2016-02",6.565132,"E"
"OECD","HUR","TOT","PC_LF","M","2016-03",6.554455,"E"
"OECD","HUR","TOT","PC_LF","M","2016-04",6.51181,"E"
"G-7","HUR","TOT","PC_LF","M","2012-08",7.301736,"E"
"G-7","HUR","TOT","PC_LF","M","2012-09",7.233746,"E"
"G-7","HUR","TOT","PC_LF","M","2012-10",7.26902,"E"
"G-7","HUR","TOT","PC_LF","M","2012-11",7.227821,"E"
"G-7","HUR","TOT","PC_LF","M","2012-12",7.340246,"E"
"G-7","HUR","TOT","PC_LF","M","2013-01",7.423536,"E"
"G-7","HUR","TOT","PC_LF","M","2013-02",7.292666,"E"
"G-7","HUR","TOT","PC_LF","M","2013-03",7.211917,"E"
"G-7","HUR","TOT","PC_LF","M","2013-04",7.233181,"E"
"G-7","HUR","TOT","PC_LF","M","2013-05",7.197565,"E"
"G-7","HUR","TOT","PC_LF","M","2013-06",7.170381,"E"
"G-7","HUR","TOT","PC_LF","M","2013-07",7.033265,"E"
"G-7","HUR","TOT","PC_LF","M","2013-08",7.055598,"E"
"G-7","HUR","TOT","PC_LF","M","2013-09",7.007644,"E"
"G-7","HUR","TOT","PC_LF","M","2013-10",6.959693,"E"
"G-7","HUR","TOT","PC_LF","M","2013-11",6.836066,"E"
"G-7","HUR","TOT","PC_LF","M","2013-12",6.709633,"E"
"G-7","HUR","TOT","PC_LF","M","2014-01",6.641907,"E"
"G-7","HUR","TOT","PC_LF","M","2014-02",6.65749,"E"
"G-7","HUR","TOT","PC_LF","M","2014-03",6.646565,"E"
"G-7","HUR","TOT","PC_LF","M","2014-04",6.43502,"E"
"G-7","HUR","TOT","PC_LF","M","2014-05",6.455902,"E"
"G-7","HUR","TOT","PC_LF","M","2014-06",6.317915,"E"
"G-7","HUR","TOT","PC_LF","M","2014-07",6.393651,"E"
"G-7","HUR","TOT","PC_LF","M","2014-08",6.312653,"E"
"G-7","HUR","TOT","PC_LF","M","2014-09",6.262657,"E"
"G-7","HUR","TOT","PC_LF","M","2014-10",6.183266,"E"
"G-7","HUR","TOT","PC_LF","M","2014-11",6.18124,"E"
"G-7","HUR","TOT","PC_LF","M","2014-12",6.013764,"E"
"G-7","HUR","TOT","PC_LF","M","2015-01",6.049151,"E"
"G-7","HUR","TOT","PC_LF","M","2015-02",5.97624,"E"
"G-7","HUR","TOT","PC_LF","M","2015-03",5.934334,"E"
"G-7","HUR","TOT","PC_LF","M","2015-04",5.935794,"E"
"G-7","HUR","TOT","PC_LF","M","2015-05",5.99605,"E"
"G-7","HUR","TOT","PC_LF","M","2015-06",5.848541,"E"
"G-7","HUR","TOT","PC_LF","M","2015-07",5.760289,"E"
"G-7","HUR","TOT","PC_LF","M","2015-08",5.694681,"E"
"G-7","HUR","TOT","PC_LF","M","2015-09",5.657664,"E"
"G-7","HUR","TOT","PC_LF","M","2015-10",5.606399,"E"
"G-7","HUR","TOT","PC_LF","M","2015-11",5.625741,"E"
"G-7","HUR","TOT","PC_LF","M","2015-12",5.607128,"E"
"G-7","HUR","TOT","PC_LF","M","2016-01",5.527637,"E"
"G-7","HUR","TOT","PC_LF","M","2016-02",5.570928,"E"
"G-7","HUR","TOT","PC_LF","M","2016-03",5.555022,"E"
"G-7","HUR","TOT","PC_LF","M","2016-04",5.573541,"E"
"EA19","HUR","TOT","PC_LF","M","2012-08",11.5,
"EA19","HUR","TOT","PC_LF","M","2012-09",11.6,
"EA19","HUR","TOT","PC_LF","M","2012-10",11.7,
"EA19","HUR","TOT","PC_LF","M","2012-11",11.8,
"EA19","HUR","TOT","PC_LF","M","2012-12",11.9,
"EA19","HUR","TOT","PC_LF","M","2013-01",12,
"EA19","HUR","TOT","PC_LF","M","2013-02",12,
"EA19","HUR","TOT","PC_LF","M","2013-03",12.1,
"EA19","HUR","TOT","PC_LF","M","2013-04",12.1,
"EA19","HUR","TOT","PC_LF","M","2013-05",12.1,
"EA19","HUR","TOT","PC_LF","M","2013-06",12.1,
"EA19","HUR","TOT","PC_LF","M","2013-07",12,
"EA19","HUR","TOT","PC_LF","M","2013-08",12,
"EA19","HUR","TOT","PC_LF","M","2013-09",12,
"EA19","HUR","TOT","PC_LF","M","2013-10",12,
"EA19","HUR","TOT","PC_LF","M","2013-11",11.9,
"EA19","HUR","TOT","PC_LF","M","2013-12",11.9,
"EA19","HUR","TOT","PC_LF","M","2014-01",11.9,
"EA19","HUR","TOT","PC_LF","M","2014-02",11.9,
"EA19","HUR","TOT","PC_LF","M","2014-03",11.8,
"EA19","HUR","TOT","PC_LF","M","2014-04",11.7,
"EA19","HUR","TOT","PC_LF","M","2014-05",11.7,
"EA19","HUR","TOT","PC_LF","M","2014-06",11.5,
"EA19","HUR","TOT","PC_LF","M","2014-07",11.6,
"EA19","HUR","TOT","PC_LF","M","2014-08",11.5,
"EA19","HUR","TOT","PC_LF","M","2014-09",11.5,
"EA19","HUR","TOT","PC_LF","M","2014-10",11.5,
"EA19","HUR","TOT","PC_LF","M","2014-11",11.5,
"EA19","HUR","TOT","PC_LF","M","2014-12",11.4,
"EA19","HUR","TOT","PC_LF","M","2015-01",11.3,
"EA19","HUR","TOT","PC_LF","M","2015-02",11.2,
"EA19","HUR","TOT","PC_LF","M","2015-03",11.2,
"EA19","HUR","TOT","PC_LF","M","2015-04",11.1,
"EA19","HUR","TOT","PC_LF","M","2015-05",11,
"EA19","HUR","TOT","PC_LF","M","2015-06",11,
"EA19","HUR","TOT","PC_LF","M","2015-07",10.8,
"EA19","HUR","TOT","PC_LF","M","2015-08",10.7,
"EA19","HUR","TOT","PC_LF","M","2015-09",10.6,
"EA19","HUR","TOT","PC_LF","M","2015-10",10.6,
"EA19","HUR","TOT","PC_LF","M","2015-11",10.5,
"EA19","HUR","TOT","PC_LF","M","2015-12",10.5,
"EA19","HUR","TOT","PC_LF","M","2016-01",10.4,
"EA19","HUR","TOT","PC_LF","M","2016-02",10.4,
"EA19","HUR","TOT","PC_LF","M","2016-03",10.2,
"EA19","HUR","TOT","PC_LF","M","2016-04",10.2,
"LVA","HUR","TOT","PC_LF","M","2012-08",13.8,
"LVA","HUR","TOT","PC_LF","M","2012-09",13.8,
"LVA","HUR","TOT","PC_LF","M","2012-10",14.4,
"LVA","HUR","TOT","PC_LF","M","2012-11",14.4,
"LVA","HUR","TOT","PC_LF","M","2012-12",13.8,
"LVA","HUR","TOT","PC_LF","M","2013-01",13,
"LVA","HUR","TOT","PC_LF","M","2013-02",12.6,
"LVA","HUR","TOT","PC_LF","M","2013-03",12.1,
"LVA","HUR","TOT","PC_LF","M","2013-04",11.6,
"LVA","HUR","TOT","PC_LF","M","2013-05",11.3,
"LVA","HUR","TOT","PC_LF","M","2013-06",11.2,
"LVA","HUR","TOT","PC_LF","M","2013-07",11.9,
"LVA","HUR","TOT","PC_LF","M","2013-08",12,
"LVA","HUR","TOT","PC_LF","M","2013-09",12,
"LVA","HUR","TOT","PC_LF","M","2013-10",11.5,
"LVA","HUR","TOT","PC_LF","M","2013-11",11.4,
"LVA","HUR","TOT","PC_LF","M","2013-12",11.5,
"LVA","HUR","TOT","PC_LF","M","2014-01",11.4,
"LVA","HUR","TOT","PC_LF","M","2014-02",11.5,
"LVA","HUR","TOT","PC_LF","M","2014-03",11.3,
"LVA","HUR","TOT","PC_LF","M","2014-04",11,
"LVA","HUR","TOT","PC_LF","M","2014-05",10.6,
"LVA","HUR","TOT","PC_LF","M","2014-06",10.5,
"LVA","HUR","TOT","PC_LF","M","2014-07",10.7,
"LVA","HUR","TOT","PC_LF","M","2014-08",10.8,
"LVA","HUR","TOT","PC_LF","M","2014-09",10.8,
"LVA","HUR","TOT","PC_LF","M","2014-10",10.7,
"LVA","HUR","TOT","PC_LF","M","2014-11",10.5,
"LVA","HUR","TOT","PC_LF","M","2014-12",10.1,
"LVA","HUR","TOT","PC_LF","M","2015-01",9.7,
"LVA","HUR","TOT","PC_LF","M","2015-02",9.8,
"LVA","HUR","TOT","PC_LF","M","2015-03",10,
"LVA","HUR","TOT","PC_LF","M","2015-04",9.6,
"LVA","HUR","TOT","PC_LF","M","2015-05",9.7,
"LVA","HUR","TOT","PC_LF","M","2015-06",10,
"LVA","HUR","TOT","PC_LF","M","2015-07",10,
"LVA","HUR","TOT","PC_LF","M","2015-08",9.9,
"LVA","HUR","TOT","PC_LF","M","2015-09",9.9,
"LVA","HUR","TOT","PC_LF","M","2015-10",10,
"LVA","HUR","TOT","PC_LF","M","2015-11",10,
"LVA","HUR","TOT","PC_LF","M","2015-12",10,
"LVA","HUR","TOT","PC_LF","M","2016-01",10,
"LVA","HUR","TOT","PC_LF","M","2016-02",9.8,
"LVA","HUR","TOT","PC_LF","M","2016-03",9.6,
"LVA","HUR","TOT","PC_LF","M","2016-04",9.5,
"LTU","HUR","TOT","PC_LF","M","2012-08",13.1,
"LTU","HUR","TOT","PC_LF","M","2012-09",13.1,
"LTU","HUR","TOT","PC_LF","M","2012-10",13.1,
"LTU","HUR","TOT","PC_LF","M","2012-11",13.1,
"LTU","HUR","TOT","PC_LF","M","2012-12",12.8,
"LTU","HUR","TOT","PC_LF","M","2013-01",12.4,
"LTU","HUR","TOT","PC_LF","M","2013-02",12,
"LTU","HUR","TOT","PC_LF","M","2013-03",11.8,
"LTU","HUR","TOT","PC_LF","M","2013-04",11.9,
"LTU","HUR","TOT","PC_LF","M","2013-05",11.7,
"LTU","HUR","TOT","PC_LF","M","2013-06",11.6,
"LTU","HUR","TOT","PC_LF","M","2013-07",11.7,
"LTU","HUR","TOT","PC_LF","M","2013-08",11.8,
"LTU","HUR","TOT","PC_LF","M","2013-09",11.7,
"LTU","HUR","TOT","PC_LF","M","2013-10",11.7,
"LTU","HUR","TOT","PC_LF","M","2013-11",11.7,
"LTU","HUR","TOT","PC_LF","M","2013-12",11.6,
"LTU","HUR","TOT","PC_LF","M","2014-01",11.6,
"LTU","HUR","TOT","PC_LF","M","2014-02",11.3,
"LTU","HUR","TOT","PC_LF","M","2014-03",11,
"LTU","HUR","TOT","PC_LF","M","2014-04",11,
"LTU","HUR","TOT","PC_LF","M","2014-05",11.2,
"LTU","HUR","TOT","PC_LF","M","2014-06",11,
"LTU","HUR","TOT","PC_LF","M","2014-07",10.4,
"LTU","HUR","TOT","PC_LF","M","2014-08",10.3,
"LTU","HUR","TOT","PC_LF","M","2014-09",10,
"LTU","HUR","TOT","PC_LF","M","2014-10",10.3,
"LTU","HUR","TOT","PC_LF","M","2014-11",10.5,
"LTU","HUR","TOT","PC_LF","M","2014-12",10.2,
"LTU","HUR","TOT","PC_LF","M","2015-01",9.6,
"LTU","HUR","TOT","PC_LF","M","2015-02",9.3,
"LTU","HUR","TOT","PC_LF","M","2015-03",9,
"LTU","HUR","TOT","PC_LF","M","2015-04",9.3,
"LTU","HUR","TOT","PC_LF","M","2015-05",9.2,
"LTU","HUR","TOT","PC_LF","M","2015-06",9.3,
"LTU","HUR","TOT","PC_LF","M","2015-07",9.2,
"LTU","HUR","TOT","PC_LF","M","2015-08",9.2,
"LTU","HUR","TOT","PC_LF","M","2015-09",9.1,
"LTU","HUR","TOT","PC_LF","M","2015-10",9.1,
"LTU","HUR","TOT","PC_LF","M","2015-11",8.8,
"LTU","HUR","TOT","PC_LF","M","2015-12",8.6,
"LTU","HUR","TOT","PC_LF","M","2016-01",8.1,
"LTU","HUR","TOT","PC_LF","M","2016-02",8,
"LTU","HUR","TOT","PC_LF","M","2016-03",8.1,
"LTU","HUR","TOT","PC_LF","M","2016-04",7.9,
"COL","HUR","TOT","PC_LF","M","2012-08",10.10717,
"COL","HUR","TOT","PC_LF","M","2012-09",10.48443,
"COL","HUR","TOT","PC_LF","M","2012-10",10.11562,
"COL","HUR","TOT","PC_LF","M","2012-11",10.52208,
"COL","HUR","TOT","PC_LF","M","2012-12",10.29783,
"COL","HUR","TOT","PC_LF","M","2013-01",10.00282,
"COL","HUR","TOT","PC_LF","M","2013-02",10.57594,
"COL","HUR","TOT","PC_LF","M","2013-03",10.0231,
"COL","HUR","TOT","PC_LF","M","2013-04",10.18851,
"COL","HUR","TOT","PC_LF","M","2013-05",9.505799,
"COL","HUR","TOT","PC_LF","M","2013-06",9.636932,
"COL","HUR","TOT","PC_LF","M","2013-07",9.606441,
"COL","HUR","TOT","PC_LF","M","2013-08",9.619184,
"COL","HUR","TOT","PC_LF","M","2013-09",9.504472,
"COL","HUR","TOT","PC_LF","M","2013-10",8.926311,
"COL","HUR","TOT","PC_LF","M","2013-11",9.700636,
"COL","HUR","TOT","PC_LF","M","2013-12",9.082622,
"COL","HUR","TOT","PC_LF","M","2014-01",9.17003,
"COL","HUR","TOT","PC_LF","M","2014-02",9.518688,
"COL","HUR","TOT","PC_LF","M","2014-03",9.483541,
"COL","HUR","TOT","PC_LF","M","2014-04",8.942995,
"COL","HUR","TOT","PC_LF","M","2014-05",8.876674,
"COL","HUR","TOT","PC_LF","M","2014-06",9.551158,
"COL","HUR","TOT","PC_LF","M","2014-07",9.020735,
"COL","HUR","TOT","PC_LF","M","2014-08",9.256824,
"COL","HUR","TOT","PC_LF","M","2014-09",8.826342,
"COL","HUR","TOT","PC_LF","M","2014-10",8.917437,
"COL","HUR","TOT","PC_LF","M","2014-11",8.882463,
"COL","HUR","TOT","PC_LF","M","2014-12",9.392865,
"COL","HUR","TOT","PC_LF","M","2015-01",8.804736,
"COL","HUR","TOT","PC_LF","M","2015-02",8.7566,
"COL","HUR","TOT","PC_LF","M","2015-03",8.601645,
"COL","HUR","TOT","PC_LF","M","2015-04",9.514754,
"COL","HUR","TOT","PC_LF","M","2015-05",8.947214,
"COL","HUR","TOT","PC_LF","M","2015-06",8.616993,
"COL","HUR","TOT","PC_LF","M","2015-07",8.558122,
"COL","HUR","TOT","PC_LF","M","2015-08",9.367408,
"COL","HUR","TOT","PC_LF","M","2015-09",9.41094,
"COL","HUR","TOT","PC_LF","M","2015-10",9.185163,
"COL","HUR","TOT","PC_LF","M","2015-11",8.431167,
"COL","HUR","TOT","PC_LF","M","2015-12",9.221892,
"COL","HUR","TOT","PC_LF","M","2016-01",9.743619,
"COL","HUR","TOT","PC_LF","M","2016-02",8.917032,
"COL","HUR","TOT","PC_LF","M","2016-03",9.815743,
"COL","HUR","TOT","PC_LF","M","2016-04",9.106333,
"EU27_2020","HUR","TOT","PC_LF","M","2012-08",11,
"EU27_2020","HUR","TOT","PC_LF","M","2012-09",11.1,
"EU27_2020","HUR","TOT","PC_LF","M","2012-10",11.2,
"EU27_2020","HUR","TOT","PC_LF","M","2012-11",11.2,
"EU27_2020","HUR","TOT","PC_LF","M","2012-12",11.3,
"EU27_2020","HUR","TOT","PC_LF","M","2013-01",11.4,
"EU27_2020","HUR","TOT","PC_LF","M","2013-02",11.5,
"EU27_2020","HUR","TOT","PC_LF","M","2013-03",11.5,
"EU27_2020","HUR","TOT","PC_LF","M","2013-04",11.5,
"EU27_2020","HUR","TOT","PC_LF","M","2013-05",11.5,
"EU27_2020","HUR","TOT","PC_LF","M","2013-06",11.5,
"EU27_2020","HUR","TOT","PC_LF","M","2013-07",11.4,
"EU27_2020","HUR","TOT","PC_LF","M","2013-08",11.4,
"EU27_2020","HUR","TOT","PC_LF","M","2013-09",11.4,
"EU27_2020","HUR","TOT","PC_LF","M","2013-10",11.3,
"EU27_2020","HUR","TOT","PC_LF","M","2013-11",11.3,
"EU27_2020","HUR","TOT","PC_LF","M","2013-12",11.2,
"EU27_2020","HUR","TOT","PC_LF","M","2014-01",11.2,
"EU27_2020","HUR","TOT","PC_LF","M","2014-02",11.2,
"EU27_2020","HUR","TOT","PC_LF","M","2014-03",11.1,
"EU27_2020","HUR","TOT","PC_LF","M","2014-04",11,
"EU27_2020","HUR","TOT","PC_LF","M","2014-05",10.9,
"EU27_2020","HUR","TOT","PC_LF","M","2014-06",10.8,
"EU27_2020","HUR","TOT","PC_LF","M","2014-07",10.8,
"EU27_2020","HUR","TOT","PC_LF","M","2014-08",10.7,
"EU27_2020","HUR","TOT","PC_LF","M","2014-09",10.7,
"EU27_2020","HUR","TOT","PC_LF","M","2014-10",10.7,
"EU27_2020","HUR","TOT","PC_LF","M","2014-11",10.7,
"EU27_2020","HUR","TOT","PC_LF","M","2014-12",10.5,
"EU27_2020","HUR","TOT","PC_LF","M","2015-01",10.5,
"EU27_2020","HUR","TOT","PC_LF","M","2015-02",10.4,
"EU27_2020","HUR","TOT","PC_LF","M","2015-03",10.4,
"EU27_2020","HUR","TOT","PC_LF","M","2015-04",10.3,
"EU27_2020","HUR","TOT","PC_LF","M","2015-05",10.2,
"EU27_2020","HUR","TOT","PC_LF","M","2015-06",10.1,
"EU27_2020","HUR","TOT","PC_LF","M","2015-07",10,
"EU27_2020","HUR","TOT","PC_LF","M","2015-08",9.9,
"EU27_2020","HUR","TOT","PC_LF","M","2015-09",9.8,
"EU27_2020","HUR","TOT","PC_LF","M","2015-10",9.8,
"EU27_2020","HUR","TOT","PC_LF","M","2015-11",9.6,
"EU27_2020","HUR","TOT","PC_LF","M","2015-12",9.6,
"EU27_2020","HUR","TOT","PC_LF","M","2016-01",9.5,
"EU27_2020","HUR","TOT","PC_LF","M","2016-02",9.5,
"EU27_2020","HUR","TOT","PC_LF","M","2016-03",9.4,
"EU27_2020","HUR","TOT","PC_LF","M","2016-04",9.3,
